Data Set      1=Norwich                0= Peterborough ;Tno ;Site ;Hard Standing Index % ;Species ;Species Code ;Age Class ;Age Index 1=Y 2=SM 3=EM 4=M  ;Ht (m) ;dbh (mm) ;dbh (m) ;Age estimate ;Clearance Ht (m) ;Crown Depth (m) ;Pruning Index 5 = pruned within 5yrs  10 pruned between 5 and 10yrs ;Type of Prunning None= 0 CR= 1 Other = 2 Both = 3 ;N ;E ;S ;W ;Total N,S,E,W Radial Crown Spread (m) ;Average Radial Crown spread (m) ;Adjustment diameter ;Total Mean Radial Crown Spread (m) ;Crown Diameter (m) ;Grid Reference ;Superfical Geology From British Geological Survey Geology of Britain Viewer ;Soil Code 1=sand and gravel 2= Clay 3=silt ;Notes ;Ratio Crown diameter/stem diameter ;HR ;Stem diameter Jan 2017 (mm) ;2yr dia gain (mm) ;Annual Girth Increment (mm) ;Predicted crown diamet using combined formulla ;Difference ;% Variation ;Predicted Ratio using  Combine formula ;Predicted Crown Diameter ;Diference ;% variation
1;1;Pilling park   ;80;Oak ;1;M ;4;19;760;0,76;107;4,3;14,7;5;3;3,9;7,6;8,1;5,8;25,4;6,4;0,38;6,7;13,5;TG 25342 08875 ;Crag group sand and gravel ;1;Hard standing in park ;17,71; ;770;10;5;15,68;-2,22; ;19,78;15,03;-1,57;0,01
1;2;Pilling park   ;80;Oak ;1;M ;4;15,1;620;0,62;88;3,4;11,7;5;3;4,6;7,6;4,2;5,9;22,3;5,6;0,31;5,9;11,8;TG 25344 08893 ;Crag group sand and gravel ;1;Hard standing in park ;18,98; ;626;6;3;13,83;-2,06; ;21,54;13,36;-1,59;0,01
1;3;Pilling park   ;60;Oak ;1;M ;4;22,8;880;0,88;124;5;17,8;5;1;7,3;9,3;9,5;11,7;37,8;9,5;0,44;9,9;19,8;TG 25339 08909 ;Crag group sand and gravel ;1;Hard standing in park ;22,48; ;884;4;2;16,98;2,8; ;18,83;16,57;3,21;0,01
1;4;Guerney Road Mousehold ;0;Oak ;1;EM ;3;12,3;350;0,35;32;1,7;10,6;5;1;6,1;6;6,3;6,1;24,5;6,1;0,175;6,3;12,6;TG24431 10125 ;Sheringham Cliffs Formation - Sand And Gravel  ;1; ;36; ;380;30;15;9,24;3,36; ;26,95;9,43;3,17;0,01
1;5;Guerney Road Mousehold ;0;Oak ;1;EM ;3;11,2;300;0,3;27;2,8;8,4;5;1;3,5;3,6;4,5;2,9;14,5;3,6;0,15;3,8;7,6;TG24431 10125 ;Sheringham Cliffs Formation - Sand And Gravel ;1; ;25,17; ;315;15;7,5;8,24;-0,69; ;28,24;8,47;-0,92;0,01
1;6;Guerney Road Mousehold ;0;Oak ;1;EM ;3;14,2;340;0,34;31;5,5;8,7;5;1;5,4;5,2;3,9;3,7;18,2;4,6;0,17;4,7;9,4;TG24431 10125 ;Sheringham Cliffs Formation - Sand And Gravel ;1; ;27,76; ;360;20;10;9,04;0,4; ;27,2;9,25;0,19;0,01
1;7;Guerney Road Mousehold ;0;Oak ;1;EM ;3;10,7;220;0,22;20;2,25;8,45;5;1;3,5;3,2;2,2;2,1;11;2,8;0,11;2,9;5,7;TG24431 10125 ;Sheringham Cliffs Formation - Sand And Gravel ;1; ;26; ;261;41;20,5;6,55;-0,83; ;30,5;6,71;-0,99;0,01
1;8;Guerney Road Mousehold ;30;Oak ;1;M ;4;16,2;590;0,59;83;3,5;12,7;5;1;7,8;8,3;8,6;9;33,7;8,4;0,295;8,7;17,4;TG24431 10125 ;Sheringham Cliffs Formation - Sand And Gravel ;1;Next to car park ;29,56; ;604;14;7;13,39;4,05; ;22,01;12,99;4,45;0,01
1;9;Guerney Road Mousehold ;0;Sycamore ;2;M ;4;22,1;820;0,82;86;3,3;18,8;0;0;11,1;4,3;7,9;9,4;32,7;8,2;0,41;8,6;17,2;TG24431 10125 ;Sheringham Cliffs Formation - Sand And Gravel ;1; ;20,94; ;833;13;6,5;16,36;0,81; ;19,24;15,78;1,39;0,01
1;10;Guerney Road Mousehold ;0;Sycamore ;2;M ;4;20,1;680;0,68;71;3,59;16,51;5;1;4,6;7,6;9,6;7,7;29,5;7,4;0,34;7,7;15,4;TG24431 10125 ;Sheringham Cliffs Formation - Sand And Gravel ;1; ;22,69; ; ; ; ;14,67;0,76; ;20,7;14,08;1,35;0,01
1;11;Showground ;10;Oak ;1;M ;4;20,4;730;0,73;103;6,2;14,2;0;0;9;8,1;6,8;7,3;31,2;7,8;0,365;8,2;16,3;TG14675 10537 ;Sheringham Cliffs Formation - Sand And Gravel  ;1;Nearby a road towards the East ;22,37; ;759;29;14,5;15,31;1,02; ;20,1;14,67;1,66;0,01
1;12;Showground ;0;Sycamore ;2;M ;4;22,4;610;0,61;64;6,5;15,9;0;0;8,2;7,4;7,5;6,2;29,3;7,3;0,305;7,6;15,3;TG14655 10549 ;Sheringham Cliffs Formation - Sand And Gravel ;1; ;25,02; ;622;12;6;13,68;1,58; ;21,7;13,23;2,03;0,01
1;13;Showground ;1;Oak ;1;M ;4;17,1;430;0,43;61;6,1;11;10;3;5,4;4,8;4,4;5,1;19,7;4,9;0,215;5,1;10,3;TG14646 10560 ;Sheringham Cliffs Formation - Sand And Gravel ;1; ;23,91; ;440;10;5;10,74;-0,46; ;25,07;10,78;-0,5;0,01
1;14;Showground ;0;Oak ;1;M ;4;15,8;390;0,39;55;4,1;11,7;10;3;5,1;5,8;4,7;7,4;23;5,8;0,195;5,9;11,9;TG 14682 10517 ;Sheringham Cliffs Formation - Sand And Gravel ;1; ;30,49; ;415;25;12,5;10,01;1,88; ;25,98;10,13;1,76;0,01
1;15;Showground ;0;Sycamore ;2;M ;4;20,6;1050;1,05;110;8,1;12,5;10;1;9;9,3;8,2;7,4;33,9;8,5;0,525;9;18;TG14617 10579 ;Sheringham Cliffs Formation - Sand And Gravel ;1; ;17,14; ;1080;30;15;18,37;-0,37; ;18,39;19,31;-1,31;0,01
1;16;Showground ;10;Oak ;1;M ;4;17,8;640;0,64;91;4,2;13,6;5;1;8,5;8,4;9,8;7,8;34,5;8,6;0,32;8,9;17,9;TG14617 10579 ;Sheringham Cliffs Formation - Sand And Gravel ;1;Nearby a road towards the East ;27,95; ; ; ; ;14,12;3,77; ;21,25;13,6;4,29;0,01
1;17;Showground ;0;Sycamore ;2;M ;4;14,4;600;0,6;63;3,8;10,6;5;1;6,1;5,8;6,3;5,8;24;6;0,3;6,3;12,6;TG14617 10579 ;Sheringham Cliffs Formation - Sand And Gravel ;1;Nearby a road towards the North ;21; ; ; ; ;13,54;-0,94; ;21,85;13,11;-0,51;0,01
1;18;Showground ;0;Sycamore ;2;M ;4;14,9;540;0,54;56;3,7;11,2;5;1;6,3;6,9;6,3;5,3;24,8;6,2;0,27;6,5;12,9;TG14617 10579 ;Sheringham Cliffs Formation - Sand And Gravel ;1; ;23,96; ; ; ; ;12,61;0,33; ;22,87;12,35;0,59;0,01
1;19;Showground ;7;Sycamore ;2;M ;4;17;560;0,56;59;3,9;13,1;5;1;5,8;5,7;5,8;6,9;24,2;6,1;0,28;6,3;12,7;TG15162 10185 ;Sheringham Cliffs Formation - Sand And Gravel ;1;Nearby a road North and West ;22,61; ;573;13;6,5;12,93;-0,27; ;22,52;12,61;0,05;0,01
1;20;Showground ;0;Sycamore ;2;M ;4;11,8;340;0,34;36;4,2;7,6;5;1;4,9;3,5;4,1;3,4;15,9;4;0,17;4,1;8,3;TG15154 10698 ;Sheringham Cliffs Formation - Sand And Gravel ;1; ;24,38; ;355;15;7,5;9,04;-0,75; ;27,2;9,25;-0,96;0,01
1;21;Showground ;0;Oak ;1;M ;4;17,1;890;0,89;126;3,6;13,5;5;1;4,6;5,2;5,1;6,6;21,5;5,4;0,445;5,8;11,6;TG15154 10698 ;Sheringham Cliffs Formation - Sand And Gravel ;1; ;13,08; ; ; ;0;17,08;-5,44; ;18,78;16,71;-5,07;0,01
1;22;Showground ;0;Oak ;1;EM ;3;11,1;270;0,27;25;2,4;8,7;5;1;4,9;4,2;4,4;4,5;18;4,5;0,135;4,6;9,3;TG15154 10698 ;Sheringham Cliffs Formation - Sand And Gravel ;1; ;34,33; ; ; ;0;7,62;1,65; ;29,06;7,85;1,42;0,01
1;23;Showground ;0;Oak ;1;M ;4;22,9;980;0,98;139;4,2;18,7;5;1;13,5;9,3;8,5;8,7;40;10;0,49;10,5;21;TG15154 10698 ;Sheringham Cliffs Formation - Sand And Gravel ;1; ;21,41; ; ; ;0;17,86;3,12; ;18,44;18,08;2,9;0,01
1;24;Showground ;0;Oak ;1;M ;4;19,5;680;0,68;96;5,2;14,3;10;1;7,6;7,4;7,1;5,8;27,9;7;0,34;7,3;14,6;TG15154 10698 ;Sheringham Cliffs Formation - Sand And Gravel ;1; ;21,51; ;685;5;2,5;14,67;-0,04; ;20,7;14,08;0,55;0,01
1;25;Showground ;0;Oak ;1;M ;4;14,5;530;0,53;75;4,1;10,4;10;1;4,5;3,6;6;4,9;19;4,8;0,265;5;10;TG15154 10698 ;Sheringham Cliffs Formation - Sand And Gravel ;1; ;18,92; ;560;30;15;12,45;-2,42; ;23,05;12,22;-2,19;0,01
1;26;Showground ;0;Sycamore ;2;M ;4;15,5;690;0,69;72;5,1;10,4;5;1;5,5;5,5;5,9;5;21,9;5,5;0,345;5,8;11,6;TG15294 10189 ;Sheringham Cliffs Formation - Sand And Gravel ;1; ;16,87; ; ; ;0;14,8;-3,16; ;20,57;14,19;-2,55;0,01
1;27;Showground ;0;Oak ;1;M ;4;14,3;500;0,5;71;4,9;9,4;10;1;6,7;5,2;3,7;5,8;21,4;5,4;0,25;5,6;11,2;TG15294 10191 ;Sheringham Cliffs Formation - Sand And Gravel ;1; ;22,4; ;530;30;15;11,96;-0,76; ;23,62;11,81;-0,61;0,01
1;28;Showground ;0;Oak ;1;M ;4;15,2;410;0,41;58;3,7;11,5;5;1;6,3;5,8;5,1;6,8;24;6;0,205;6,2;12,4;TG15294 10191 ;Sheringham Cliffs Formation - Sand And Gravel ;1; ;30,27; ; ; ; ;10,38;2,03; ;25,52;10,46;1,95;0,01
1;29;Showground ;0;Oak ;1;M ;4;11,9;250;0,25;35;2,9;9;5;1;3,8;3,7;3,3;3,7;14,5;3,6;0,125;3,8;7,5;TG15294 10191 ;Sheringham Cliffs Formation - Sand And Gravel ;1; ;30; ; ; ; ;7,2;0,3; ;29,63;7,41;0,09;0,01
1;30;Showground ;0;Oak ;1;M ;4;22,2;1040;1,04;147;6,6;15,6;0;0;7,1;9,5;11,9;7,7;36,2;9,1;0,52;9,6;19,1;TG15294 10191 ;Sheringham Cliffs Formation - Sand And Gravel ;1;Nearby a road towards the East ;18,4; ; ; ; ;18,3;0,84; ;18,39;19,12;0,02;0,01
1;3+O+34:42 ;Earlham Park ;0;Oak ;1;M ;4;23,6;1010;1,01;143;5,4;18,2;10;3;7,6;11,3;11,4;10,7;41;10,3;0,505;10,8;21,5;TG19262 08199 ;Leet Hill Sand And Gravel Member - Sand And Gravel ;1;Small amount of die-back ;21,3; ;1020;10;5;18,09;3,42; ;18,4;18,58;2,93;0,01
1;32;Earlham Park ;0;Oak ;1;Y ;1;9,3;310;0,31;28;1,2;8,1;0;0;4,8;4,6;5,6;4,5;19,5;4,9;0,155;5;10,1;TG19324 08246 ;Leet Hill Sand And Gravel Member - Sand And Gravel ;1; ;32,45; ;344;34;17;8,45;1,61; ;27,98;8,67;1,39;0,01
1;33;Earlham Park ;0;Oak ;1;Y ;1;6,7;210;0,21;19;0,9;5,8;0;0;3,3;3,2;3,1;2,6;12,2;3,1;0,105;3,2;6,3;TG19166 08294 ;Leet Hill Sand And Gravel Member - Sand And Gravel ;1; ;30,05; ;230;20;10;6,33;-0,02; ;30,8;6,47;-0,16;0,01
1;34;Earlham Park ;0;Sycamore ;2;M ;4;18,5;700;0,7;73;7,8;10,7;10;3;3,7;6,1;6,5;4,6;20,9;5,2;0,35;5,6;11,2;TG19074 08230 ;Leet Hill Sand And Gravel Member - Sand And Gravel ;1; ;15,93; ;707;7;3,5;14,93;-3,78; ;20,45;14,31;-3,16;0,01
1;35;Earlham Park ;0;Sycamore ;2;M ;4;15,6;450;0,45;47;3;12,6;10;3;7,3;5,3;5,1;6,3;24;6;0,225;6,2;12,5;TG19028 08224 ;Leet Hill Sand And Gravel Member - Sand And Gravel ;1; ;27,67; ;468;18;9;11,1;1,35; ;24,64;11,09;1,36;0,01
1;36;Earlham Park ;0;Oak ;1;M ;4;18,2;710;0,71;100;2;16,2;0;0;10,9;7,1;9,7;9,1;36,8;9,2;0,355;9,6;19,1;TG18986 08139 ;Leet Hill Sand And Gravel Member - Sand And Gravel ;1; ;26,92; ;740;30;15;15,06;4,05; ;20,33;14,43;4,68;0,01
1;37;Earlham Park ;0;Oak ;1;EM ;3;14,2;530;0,53;48;2,8;11,4;0;0;7,2;  ;6,6;6,3;20,1;5;0,265;5,3;10,6;TG18980 08130 ;Leet Hill Sand And Gravel Member - Sand And Gravel ;1; ;19,96; ;549;19;9,5;12,45;-1,87; ;23,05;12,22;-1,64;0,01
1;38;Earlham Park ;0;Oak ;1;M ;4;19,8;1070;1,07;151;4,9;14,9;0;0;8,6;9,7;9,6;7,8;35,7;8,9;0,535;9,5;18,9;TG19134 07849 ;Leet Hill Sand And Gravel Member - Sand And Gravel ;1; ;17,68; ;1090;20;10;18,49;0,43; ;18,4;19,69;-0,77;0,01
1;39;Earlham Park ;0;Oak ;1;M ;4;19,8;840;0,84;119;2,7;17,1;10;1;10,1;9,9;9,7;11,3;41;10,3;0,42;10,7;21,3;TG19320 07901 ;Leet Hill Sand And Gravel Member - Sand And Gravel ;1; ;25,4; ;856;16;8;16,58;4,76; ;19,09;16,04;5,3;0,01
1;40;Ives Road ;20;Sycamore ;2;M ;4;12,7;330;0,33;34;4,9;7,8;10;2;4,3;3,2;3,3;4,6;15,4;3,9;0,165;4;8;TG22487 12135 ;Happisburgh Glacigenic Formation Sand and Gravel ;1; ;24,33; ;338;8;4;8,85;-0,82; ;27,46;9,06;-1,03;0,01
1;41;Ives Road ;0;Sycamore ;2;M ;4;15,7;440;0,44;46;5,3;10,4;10;2;6,1;6,6;3,1;3,9;19,7;4,9;0,22;5,1;10,3;TG22496 12127 ;Happisburgh Glacigenic Formation Sand and Gravel ;1; ;23,39; ;461;21;10,5;10,92;-0,63; ;24,85;10,94;-0,65;0,01
1;42;Ives Road ;20;Sycamore ;2;M ;4;18,5;440;0,44;46;4,4;14,1;10;2;6,1;6,6;3,1;3,9;19,7;4,9;0,22;5,1;10,3;TG22480 12218 ;Happisburgh Glacigenic Formation Sand and Gravel ;1; ;23,39; ;490;50;25;10,92;-0,63; ;24,85;10,94;-0,65;0,01
1;43;Ives Road ;30;Sycamore ;2;M ;4;14,8;400;0,4;42;3,8;11;10;2;5,4;6,4;7,5;2,8;22,1;5,5;0,2;5,7;11,5;TG2440 12141 ;Happisburgh Glacigenic Formation Sand and Gravel ;1;West side supressed, edge of group ;28,63; ;437;37;18,5;10,19;1,26; ;25,75;10,3;1,15;0,01
1;44;Ives Road ;25;Sycamore ;2;M ;4;18,3;450;0,45;47;4;14,3;10;2;5;5,7;5;3;18,7;4,7;0,225;4,9;9,8;TG22491 12148 ;Happisburgh Glacigenic Formation Sand and Gravel ;1;Edge of a group of 3 mature trees ;21,78; ;464;14;7;11,1;-1,3; ;24,64;11,09;-1,29;0,01
1;45;Ives Road ;40;Sycamore ;2;M ;4;14,1;470;0,47;49;3,5;10,6;10;2;5,6;5,4;5,8;4,9;21,7;5,4;0,235;5,7;11,3;TG22576 12055 ;Happisburgh Glacigenic Formation Sand and Gravel ;1; ;24,09; ;492;22;11;11,45;-0,13; ;24,22;11,38;-0,06;0,01
1;46;Bussey Road ;20;Sycamore ;2;M ;4;20,6;750;0,75;78;5,4;15,2;10;1;8,4;8,5;9,7;6,8;33,4;8,4;0,375;8,7;17,5;TG 22562 11959 ;River Terrace Deposits, 1 - Sand And Gravel ;1;Edge of a group  ;23,27; ;755;5;2,5;15,56;1,89; ;19,88;14,91;2,54;0,01
1;47;Barrack street ;0;Sycamore ;2;M ;4;14,9;430;0,43;45;3,2;11,7;0;0;3,5;5,6;5,2;4,4;18,7;4,7;0,215;4,9;9,8;TG23893 09346 ;River Terrace Deposits, 1 - Sand And Gravel ;1;Edge of a group  ;22,74; ;449;19;9,5;10,74;-0,96; ;25,07;10,78;-1;0,01
1;48;Barrack street ;0;Sycamore ;2;M ;4;12,9;380;0,38;40;2,4;10,5;0;0;3,8;4,4;6,7;6,4;21,3;5,3;0,19;5,5;11;TG23923 09361 ;River Terrace Deposits, 1 - Sand And Gravel ;1; ;29,03; ;401;21;10,5;9,82;1,21; ;26,22;9,96;1,07;0,01
1;49;Cannel Green ;15;Sycamore ;2;EM ;3;8,8;190;0,19;23;1,7;7,1;0;0;3,4;3,2;3,3;2,7;12,6;3,2;0,095;3,2;6,5;TG 23964 09342 ;River Terrace Deposits, 1 - Sand And Gravel ;1; ;34,16; ;215;25;12,5;5,89;0,6; ;31,41;5,97;0,52;0,01
1;50;Barrack street ;0;Sycamore ;2;EM ;3;11,8;240;0,24;29;2,8;9;5;1;4,4;4,4;3,6;2,2;14,6;3,7;0,12;3,8;7,5;TG23863 09361 ;River Terrace Deposits, 1 - Sand And Gravel ;1; ;31,42; ;244;4;2;6,99;0,55; ;29,91;7,18;0,36;0,01
1;51;trowse roundabout ;0;Oak ;1;EM ;3;14,5;320;0,32;29;3,9;10,6;0;0;3,6;5,8;5,6;3,2;18,2;4,6;0,16;4,7;9,4;TG 24226 07105 ;River Terrace Deposits, 1 - Sand And Gravel ;1; ;29,44; ;336;16;8;8,65;0,77; ;27,72;8,87;0,55;0,01
1;52;trowse roundabout ;5;Sycamore ;2;EM ;3;8,8;270;0,27;33;2,4;6,4;5;1;4,5;3;3,7;4;15,2;3,8;0,135;3,9;7,9;TG 24154 07026 ;River Terrace Deposits, 1 - Sand And Gravel ;1; ;29,15; ;293;23;11,5;7,62;0,25; ;29,06;7,85;0,02;0,01
1;53;trowse roundabout ;12;Sycamore ;2;SM ;2;14,3;390;0,39;65;2,9;11,4;5;1;4,5;4,2;4,3;4,6;17,6;4,4;0,195;4,6;9,2;TG24176 07119 ;River Terrace Deposits, 1 - Sand And Gravel ;1; ;23,56; ;396;6;3;10,01;-0,82; ;25,98;10,13;-0,94;0,01
1;54;trowse roundabout ;0;Sycamore ;2;SM ;2;13,7;410;0,41;68;2,7;11;0;0;4,8;5,7;4,5;4,5;19,5;4,9;0,205;5,1;10,2;TG24125 07110 ;River Terrace Deposits, 1 - Sand And Gravel ;1; ;24,78; ;419;9;4,5;10,38;-0,22; ;25,52;10,46;-0,3;0,01
1;55;trowse roundabout ;5;Sycamore ;2;SM ;2;9,9;340;0,34;57;2,8;7,1;5;1;5,5;4,6;3,4;5,4;18,9;4,7;0,17;4,9;9,8;TG24230 07087 ;River Terrace Deposits, 1 - Sand And Gravel ;1;Woodland edge, next to road and wall, crown spread over path ;28,79; ;355;15;7,5;9,04;0,75; ;27,2;9,25;0,54;0,01
1;56;trowse roundabout ;10;Sycamore ;2;M ;4;14,5;490;0,49;51;3,1;11,4;10;4;3;6,4;6,6;6,6;22,6;5,7;0,245;5,9;11,8;TG26316 09452 ;River Terrace Deposits, 1 - Sand And Gravel ;1; ;24,06; ;514;24;12;11,79;0; ;23,82;11,67;0,12;0,01
1;57;Brenda james close ;70;Sycamore ;2;M ;4;16;650;0,65;68;3,3;12,7;10;3;6,1;8,6;7,6;8;30,3;7,6;0,325;7,9;15,8;TG23316 09652 ;Sheringham Cliffs Formation - Sand And Gravel ;1;Hard standing next to road and path  ;24,31; ;665;15;7,5;14,26;1,54; ;21,1;13,72;2,08;0,01
1;58;Plumstead Road East ;70;Oak ;1;M ;4;13,8;680;0,68;96;4,2;9,6;5;1;6,9;6,1;6,5;7,4;26,9;6,7;0,34;7,1;14,1;TG2629009696 ;Sheringham Cliffs Formation - Sand And Gravel ;1;Hard standing next to road and path  ;20,78; ; ; ;0;14,67;-0,54; ;20,7;14,08;0,05;0,01
1;59;Plumstead Road East ;100;Oak ;1;M ;4;15,1;1020;1,02;144;7,3;7,8;10;3;10,7;11,2;8,7;6,5;37,1;9,3;0,51;9,8;19,6;TG2629009696 ;Sheringham Cliffs Formation - Sand And Gravel ;1;Hard standing all around the tree  In a car park ;19,19; ;1040;20;10;18,16;1,41; ;18,39;18,76;0,81;0,01
1;60;Whittard road ;10;Sycamore ;2;EM ;3;11,3;340;0,34;41;2,1;9,2;5;1;4,8;4,5;5,3;4,7;19,3;4,8;0,17;5;10;TG29916 10002 ;Sheringham Cliffs Formation - Sand And Gravel  ;1;Green space, free standing ;29,38; ;357;17;8,5;9,04;0,95; ;27,2;9,25;0,74;0,01
1;61;Whittard road ;10;Sycamore ;2;M ;4;15,4;520;0,52;54;2,4;13;5;1;5,4;5,4;5,5;6;22,3;5,6;0,26;5,8;11,7;TG26909 10018 ;Sheringham Cliffs Formation - Sand And Gravel ;1; ;22,44; ;554;34;17;12,29;-0,62; ;23,24;12,08;-0,41;0,01
1;62;Whittard road ;2;Sycamore ;2;M ;4;16;580;0,58;61;2,6;13,4;0; ;5,9;6,2;5,5;6,2;23,8;6;0,29;6,2;12,5;TG25890 10017 ;Sheringham Cliffs Formation - Sand And Gravel ;1; ;21,52; ;609;29;14,5;13,23;-0,75; ;22,18;12,86;-0,38;0,01
1;63;Whittard road ;0;Sycamore ;2;SM ;2;14,4;440;0,44;73;2,8;11,6;10;2;5,2;6,1;5,4;4,9;21,6;5,4;0,22;5,6;11,2;TG25843 10010 ;Sheringham Cliffs Formation - Sand And Gravel ;1; ;25,55; ;458;18;9;10,92;0,32; ;24,85;10,94;0,3;0,01
1;64;Whittard road ;0;Sycamore ;2;EM ;3;11,3;300;0,3;36;2,4;8,9;10;3;4,8;4;4;3,4;16,2;4,1;0,15;4,2;8,4;TG25903 10008 ;Sheringham Cliffs Formation - Sand And Gravel  ;1; ;28; ;315;15;7,5;8,24;0,16; ;28,24;8,47;-0,07;0,01
1;65;Plumstead Road East ;0;Oak ;1;EM ;3;8,2;260;0,26;24;2,1;6,1;10;2;3,5;3,8;3;3;13,3;3,3;0,13;3,5;6,9;TG2597 09954 ;Sheringham Cliffs Formation - Sand And Gravel  ;1;Crown spread over road and path  Hard standing to the north and south ;26,58; ;292;32;16;7,41;-0,5; ;29,34;7,63;-0,72;0,01
1;66;Plumstead Road East ;0;Oak ;1;Y ;1;5;160;0,16;15;1,5;3,5;10;2;2,7;2,5;1,5;2,2;8,9;2,2;0,08;2,3;4,6;TG25980 09954 ;Sheringham Cliffs Formation - Sand And Gravel  ;1;Crown spread over road and path  Hard standing to the north and south ;28,81; ;184;24;12;5,21;-0,6; ;32,34;5,17;-0,56;0,01
1;67;Plumstead Road  ;10;Oak ;1;SM ;2;9,7;360;0,36;33;2,5;7,2;10;2;5,4;5,5;5,1;5,8;21,8;5,5;0,18;5,6;11,3;TG25994  09961 ;Sheringham Cliffs Formation - Sand And Gravel  ;1;Crown spread over road and path  Hard standing to the north and south ;31,28; ;392;32;16;9,43;1,83; ;26,7;9,61;1,65;0,01
1;68;Plumstead Road ;0;Oak ;1;EM ;3;6,5;190;0,19;17;2;4,5;10;2;3,1;3,1;2,1;2,5;10,8;2,7;0,095;2,8;5,6;TG25995 09960 ;Sheringham Cliffs Formation - Sand And Gravel  ;1;Crown spread over road and path  Hard standing to the north and south ;29,42; ;219;29;14,5;5,89;-0,3; ;31,41;5,97;-0,38;0,01
1;69;Redfern Road ;0;Sycamore ;2;EM ;3;12,8;360;0,36;43;2,8;10;10;1;4,6;5,7;4,7;4,4;19,4;4,9;0,18;5;10,1;TG25871 10383 ;Sheringham Cliffs Formation - Sand And Gravel  ;1;Green space  next to road and path ;27,94; ;377;17;8,5;9,43;0,63; ;26,7;9,61;0,45;0,01
1;70;Malbroke Rd ;50;Sycamore ;2;M ;4;18,8;630;0,63;66;2,4;16,4;0;0;6,6;4,3;3,7;4,8;19,4;4,9;0,315;5,2;10,3;TG18443 09106 ;Crag group sand and gravel ;1;Woodland edge, next to road and wall, crown spread over path ;16,4; ;642;12;8,5;13,97;-3,64; ;21,39;13,48;-3,15;0,01
1;71;Plumstead Road East ;25;Oak ;1;EM ;3;8,8;350;0,35;32;2,4;6,4;10;1;5,5;5,1;4,7;4,5;19,8;5;0,175;5,1;10,3;TG25971 09954 ;Sheringham Cliffs Formation - Sand And Gravel  ;1;Crown spread over road and path  Hard standing to the north and south ;29,29; ;389;39;19,5;9,24;1,01; ;26,95;9,43;0,82;0,01
1;72;Plumstead Road East ;15;Oak ;1;EM ;3;10,8;360;0,36;33;2,6;8,2;5;1;4,7;5,4;4,5;4,9;19,5;4,9;0,18;5,1;10,1;TG25980 09954 ;Sheringham Cliffs Formation - Sand And Gravel  ;1;Crown spread over road and path  Hard standing to the north and south ;28,08; ;345;-15;-7,5;9,43;0,68; ;26,7;9,61;0,5;0,01
1;73;Plumstead Road East ;35;Oak ;1;EM ;3;11,4;440;0,44;40;2,7;8,7;10;1;5,7;6,8;4,7;5,4;22,6;5,7;0,22;5,9;11,7;TG25994 09961 ;Sheringham Cliffs Formation - Sand And Gravel  ;1;Crown spread over road and path  Hard standing to the north and south ;26,68; ;485;45;22,5;10,92;0,82; ;24,85;10,94;0,8;0,01
1;74;Plumstead Road East ;35;Oak ;1;EM ;3;10,2;410;0,41;37;3,6;6,6;10;1;6,5;5,9;5,9;6,4;24,7;6,2;0,205;6,4;12,8;TG25995 09960 ;Sheringham Cliffs Formation - Sand And Gravel  ;1;Crown spread over road and path  Hard standing to the north and south ;31,12; ;425;15;7,5;10,38;2,38; ;25,52;10,46;2,3;0,01
1;75;Heathgate  ;0;Sycamore ;2;EM ;3;11,6;330;0,33;40;1,9;9,7;10;3;3,8;3,6;3,9;3,6;14,9;3,7;0,165;3,9;7,8;TG24071 09351 ;Sheringham Cliffs Formation - Sand And Gravel  ;1;Green space next to road and flats ;23,58; ;340;10;5;8,85;-1,07; ;27,46;9,06;-1,28;0,01
1;76;Heathgate  ;0;Sycamore ;2;EM ;3;11,4;330;0,33;40;2,3;9,1;10;3;3,6;3,8;3,8;3,2;14,4;3,6;0,165;3,8;7,5;TG24071 09355 ;Sheringham Cliffs Formation - Sand And Gravel  ;1; ;22,82; ;342;12;6;8,85;-1,32; ;27,46;9,06;-1,53;0,01
1;77;Heathgate  ;5;Sycamore ;2;M ;4;19,5;710;0,71;74;6,8;12,7;5;1;8,5;8,2;7,7;7,9;32,3;8,1;0,355;8,4;16,9;TG 24054 09390 ;Sheringham Cliffs Formation - Sand And Gravel  ;1;Green space crown spread over hard standing ;23,75; ;727;17;8,5;15,06;1,8; ;20,33;14,43;2,43;0,01
1;78;Trowse Green ;80;Sycamore ;2;M ;4;17,7;670;0,67;70;2,8;14,9;5;3;5,5;9,5;7;7,4;29,4;7,4;0,335;7,7;15,4;TG24671 06774 ;Alluvium - Clay, Silt, Sand And Gravel  ;1;Competing trees to the north and south ;22,94; ;683;13;6,5;14,53;0,84; ;20,83;13,96;1,41;0,01
1;56;Constitution Hill ;45;Sycamore ;2;M ;4;15;560;0,56;59;6,2;8,8;5;1;4,7;4,5;4,5;5,6;19,3;4,8;0,28;5,1;10,2;TG 23170 10319 ;River Terrace Deposits, 1 - Sand And Gravel  ;1;Road on one side at a lower level ;18,23; ;567;7;3,5;12,93;-2,72; ;22,52;12,61;-2,4;0,01
1;80;Constitution Hill ;55;Sycamore ;2;M ;4;13,1;590;0,59;62;4,6;8,5;5;3;5,5;4,8;6,1;5,2;21,6;5,4;0,295;5,7;11,4;TG 23171 10304 ;River Terrace Deposits, 1 - Sand And Gravel  ;1;Road on one side at a lower level ;19,31; ;600;10;5;13,39;-2; ;22,01;12,99;-1,6;0,01
1;81;Constitution Hill ;60;Sycamore ;2;M ;4;16,1;620;0,62;65;4,9;11,2;5;3;5,8;6,2;6,3;5;23,3;5,8;0,31;6,1;12,3;TG 23123 10258 ;River Terrace Deposits, 1 - Sand And Gravel  ;1;Road on one side at a lower level ;19,79; ;640;20;10;13,83;-1,56; ;21,54;13,36;-1,09;0,01
1;82;Elm Grove Lane ;70;Oak ;1;M ;4;19,2;1030;1,03;146;6,4;12,8;5;3;7,8;7,6;8,3;7,8;31,5;7,9;0,515;8,4;16,8;TG 23026 10763 ;Sheringham Cliffs Formation - Sand And Gravel  ;1;Next to road, path and well used driveway  ;16,29; ;1040;10;5;18,23;-1,45; ;18,39;18,94;-2,16;0,01
1;83;Boston street/Sleaford Green ;30;Sycamore ;2;M ;4;14,3;490;0,49;51;3,1;11,2;10;1;7;6,8;7,2;7,2;28,2;7,1;0,245;7,3;14,6;TG 22575 10658 ;Lewes Nodular Chalk Formation, ;1;Hard standing, crown spread over footpath ;29,78; ;511;21;10,5;11,79;2,8; ;23,82;11,67;2,92;0,01
1;84;Earlham Road ;98;Sycamore ;2;M ;4;17,5;600;0,6;63;5,5;12;10;1;3,4;6,9;5,7;5,5;21,5;5,4;0,3;5,7;11,4;TG21274 08535 ;Crag group sand and gravel ;1;Hard standing 360 degrees (in a carpark) ;18,92; ;611;11;5,5;13,54;-2,19; ;21,85;13,11;-1,76;0,01
1;85;Earlham Road ;55;Sycamore ;2;M ;4;15,1;710;0,71;74;5,3;9,8;10;3;6,1;5,7;5,9;7,7;25,4;6,4;0,355;6,7;13,4;TG21257 08538 ;Crag group sand and gravel ;1;Small green space close to a path and carpark  ;18,89; ;719;9;4,5;15,06;-1,65; ;20,33;14,43;-1,02;0,01
1;86;Long John Hill ;35;Sycamore ;2;EM ;3;11;370;0,37;45;3,5;7,5;5;1;4,9;5,7;5,5;5,7;21,8;5,5;0,185;5,6;11,3;TG23620 06510 ;Leet Hill Sand And Gravel Member - ;1;Hard standing to the east and west, on the edge of a carpark next to a main road and path ;30,46; ;397;27;13,5;9,63;1,64; ;26,46;9,79;1,48;0,01
1;87;Henderson Green ;35;Sycamore ;2;M ;4;12,4;580;0,58;61;3,3;9,1;10;1;5,8;6;5,1;5,4;22,3;5,6;0,29;5,9;11,7;TG20174  09025 ;Crag Group - Sand And Gravel  ;1;Hard standing, next to a path (N), isolated ;20,22; ;611;31;15,5;13,23;-1,5; ;22,18;12,86;-1,13;0,01
1;88;Henderson Green ;40;Sycamore ;2;M ;4;16,4;570;0,57;60;4,8;11,6;10;1;6,4;5,2;5,7;5;22,3;5,6;0,285;5,9;11,7;TG20175 09105 ;Crag Group - Sand And Gravel  ;1;Hard standing to the east and west, competition within 20 metres, pollarded ;20,56; ;571;1;0,5;13,08;-1,36; ;22,34;12,74;-1,02;0,01
1;89;Henderson Green ;35;Sycamore ;2;M ;4;12,1;480;0,48;50;3,1;9;10;1;6,3;7,3;5,4;5,8;24,8;6,2;0,24;6,4;12,9;TG20177 09108 ;Crag Group - Sand And Gravel  ;1;Hard standing to the east and west, competition within 20 metres ;26,83; ;497;17;8,5;11,62;1,26; ;24,02;11,53;1,35;0,01
1;90;Henderson Green ;1;Sycamore ;2;M ;4;13,2;580;0,58;61;2,9;10,3;5;1;7;5,5;6,6;6,6;25,7;6,4;0,29;6,7;13,4;TG20180  09141 ;Crag Group - Sand And Gravel  ;1;Competition within 20 metres aswell as a path and road ;23,16; ;650;70;35;13,23;0,2; ;22,18;12,86;0,57;0,01
1;91;Earlham Road ;5;Oak ;1;Y ;1;9;240;0,24;22;1,7;7,3;0;0;4,4;3,6;2,9;3,6;14,5;3,6;0,12;3,7;7,5;TG19731 08355 ;Leet Hill Sand And Gravel Member - ;1;Grass verge next to path and driveway to the north and east ;31,21; ;271;31;15,5;6,99;0,5; ;29,91;7,18;0,31;0,01
1;92;Earlham Road ;25;Oak ;1;SM ;2;13,7;400;0,4;36;2;11,7;5;1;7;6,6;5,8;7,1;26,5;6,6;0,2;6,8;13,7;TG19846 08369 ;Leet Hill Sand And Gravel Member - ;1;Grass verge next to path and driveway to the north ;34,13; ;429;29;14,5;10,19;3,46; ;25,75;10,3;3,35;0,01
1;93;Friends Road ;0;Oak ;1;Y ;1;8,7;170;0,17;15;2,5;6,2;5;1;2,6;2,6;2,6;2,5;10,3;2,6;0,085;2,7;5,3;TG19775 08386 ;Leet Hill Sand And Gravel Member - ;1;Small grass space, near pathway and competition within 15m ;31,29; ;193;23;11,5;5,43;-0,11; ;32,03;5,44;-0,12;0,01
1;94;Malbrook Road ;0;Oak ;1;M ;4;16,9;860;0,86;122;2;14,9;0;0;6,4;6,6;7;7,7;27,7;6,9;0,43;7,4;14,7;TG 18944 09098 ;Crag group sand and gravel ;1;Some competition beyond crown spread ;17,1; ; ; ;0;16,78;-2,07; ;18,95;16,3;-1,59;0,01
1;95;Clover Hill Road ;40;Oak ;1;Y ;1;6,5;140;0,14;13;1,8;4,7;0;0;3,5;2,4;1,9;2,4;10,2;2,6;0,07;2,6;5,2;TG 18730 09372 ;Sheringham Cliffs Formation - Sand And Gravel  ;1;Grass verge next to road and path, nearby building site ;37,43; ; ; ;0;4,74;0,5; ;32,99;4,62;0,62;0,01
1;96;Clover Hill Road ;20;Oak ;1;Y ;1;7,1;130;0,13;12;1,7;5,4;0;0;3,1;3,1;2,2;1,6;10;2,5;0,065;2,6;5,1;TG18698 09376 ;Sheringham Cliffs Formation - Sand And Gravel  ;1;Grass verge next to road and path, nearby building site ;39,46; ; ; ;0;4,51;0,62; ;33,31;4,33;0,8;0,01
1;97;Clover Hill Road ;40;Oak ;1;M ;4;18,3;820;0,82;116;4,4;13,9;10;3;6,6;8,4;7,5;8,2;30,7;7,7;0,41;8,1;16,2;TG 18589 09356 ;Sheringham Cliffs Formation - Sand And Gravel  ;1;Grass verge next to road and path, nearby building site ;19,72; ;835;15;0;16,36;-0,19; ;19,24;15,78;0,39;0,01
1;98;Clover Hill Road ;20;Oak ;1;M ;4;13;800;0,8;113;3;10;5;1;5,1;7,1;6,5;6,6;25,3;6,3;0,4;6,7;13,5;TG 18589 09356 ;Sheringham Cliffs Formation - Sand And Gravel  ;1;Grass verge next to road and path, nearby building site ;16,81; ; ; ;0;16,14;-2,69; ;19,41;15,52;-2,07;0,01
1;99;Clover Hill Road ;20;Oak ;1;M ;4;14,7;1040;1,04;147;3,5;11,2;5;1;5,4;9;9,6;7,2;31,2;7,8;0,52;8,3;16,6;TG 18588 09357 ;Sheringham Cliffs Formation - Sand And Gravel  ;1;Grass verge next to road and path, nearby building site ;16; ; ; ;0;18,3;-1,66; ;18,39;19,12;-2,48;0,01
1;100;Dragonfly Lane Cringleford ;0;Oak ;1;M ;4;18,9;1080;1,08;153;6,1;11,2;5;1;7,8;8,1;10,1;10,3;36,3;9,1;0,54;9,6;19,2;TG 19096 05992 ;Sheringham Cliffs Formation - Sand And Gravel  ;1;Free standing parkland competition within 30 metres ;17,81; ; ; ;0;18,56;0,67; ;18,42;19,89;-0,66;0,01
0;1;N Bretton ;5;Sycamore ;2;EM ;3;13,2;414;0,414;50;2,8;10,4;10;1;5,4;6,7;6,7;5,6;24,4;6,1;0,21;6,31;12,61;TF16710 01293 ;Clay over Cornbrash foundation Limestone ;2;In residential public space ;30,47; ; ; ; ;10,45;2,16; ;25,43;10,53;2,09;0,01
0;2;N Bretton ;30;Sycamore ;2;EM ;3;17;337;0,337;41;3,2;13,8;10;1;5,5;5,6;5,8;5;21,9;5,475;0,17;5,64;11,29;TF16751 01375 ;Clay over Cornbrash foundation Limestone ;2;In residential public space ;33,49; ; ; ; ;8,99;2,3; ;27,28;9,19;2,09;0,01
0;3;N Bretton ;0;Norway maple ;4;EM ;3;14,8;392;0,392;41;3,5;11,3;5;1;8;7,3;5,8;5,7;26,8;6,7;0,2;6,9;13,79;TF16412 01890 ;Clay over Cornbrash foundation Limestone ;2;In residential public space ;35,18; ; ; ; ;10,04;3,75; ;25,94;10,17;3,62;0,01
0;4;N Bretton ;7;Norway maple ;4;EM ;3;12,2;362;0,362;38;4;8,2;10;1;5,6;5,6;5,3;5,3;21,8;5,45;0,18;5,63;11,26;TF16390 01499 ;Clay over Cornbrash foundation Limestone ;2;In residential public space ;31,11; ; ; ; ;9,47;1,79; ;26,66;9,65;1,61;0,01
0;5;N Bretton ;0;Norway Maple ;4;EM ;3;11,9;344;0,344;36;2,4;9,5;0;0;4,9;4;3,5;3,3;15,7;3,925;0,17;4,1;8,19;TF16304 01495 ;Clay over Cornbrash foundation Limestone ;2;In residential public space ;23,82; ; ; ; ;9,12;-0,93; ;27,1;9,32;-1,13;0,01
0;6;N Bretton ;99;Silver Birch ;3;M ;4;14,7;475;0,475;61;4;10,7;5;1;3,8;4;5,3;4,5;17,6;4,4;0,24;4,64;9,28;TF16277 01445 ;Clay over Cornbrash foundation Limestone ;2;In residential public space ;19,53; ; ; ; ;11,53;-2,26; ;24,12;11,46;-2,18;0,01
0;7;N Bretton ;60;Oak ;1;EM ;3;12,5;525;0,525;48;4,5;8;5;1;5,9;6,3;6,6;6,6;25,4;6,35;0,26;6,61;13,23;TF16294 01407 ;Clay over Cornbrash foundation Limestone ;2;In residential public space ;25,19; ; ; ; ;12,37;0,86; ;23,14;12,15;1,07;0,01
0;8;N Bretton ;40;Norway maple ;4;EM ;3;9,4;260;0,26;27;5,2;4,2;10;1;3,1;2,4;3,8;3,8;13,1;3,275;0,13;3,41;6,81;TF16297 01289 ;Clay over Cornbrash foundation Limestone ;2;In residential public space ;26,19; ; ; ; ;7,41;-0,6; ;29,34;7,63;-0,82;0,01
0;9;N Bretton ;7;Norway Maple ;4;EM ;3;11,4;335;0,335;35;2,5;8,9;5;3;4,1;4;3,8;4,1;16;4;0,17;4,17;8,34;TF16292 01258 ;Clay over Cornbrash foundation Limestone ;2; ;24,88; ; ; ; ;8,95;-0,61; ;27,33;9,16;-0,82;0,01
0;10;N Bretton ;0;Sycamore ;2;EM ;3;17,8;537;0,537;65;2,5;15,3;10;1;6,9;6,8;7,4;7,1;28,2;7,05;0,27;7,32;14,64;TF16187 01163 ;Clay over Cornbrash foundation Limestone ;2;Eyescroft ;27,26; ; ; ; ;12,56;2,08; ;22,92;12,31;2,33;0,01
0;11;N Bretton ;15;Norway maple ;4;EM ;3;14,5;476;0,476;50;4,2;10,3;10;1;6,1;6,3;6;5,5;23,9;5,975;0,24;6,21;12,43;TF16178 01168 ;Clay over Cornbrash foundation Limestone ;2;Eyescroft ;26,11; ; ; ; ;11,55;0,88; ;24,1;11,47;0,96;0,01
0;12;N Bretton ;20;Norway maple ;4;EM ;3;14,6;413;0,413;43;5,5;9,1;5;1;5,8;5;5,4;5,8;22;5,5;0,21;5,71;11,41;TF16109 01089 ;Clay over Cornbrash foundation Limestone ;2;Eyescroft ;27,63; ; ; ; ;10,43;0,98; ;25,45;10,51;0,9;0,01
0;13;N Bretton ;38;Sycamore ;2;M ;4;15,1;699;0,699;73;3,2;11,9;10;1;7,6;9,1;8,2;7;31,9;7,975;0,35;8,32;16,65;TF16123 01080 ;Clay over Cornbrash foundation Limestone ;2;Eyescroft ;23,82; ; ; ; ;14,92;1,73; ;20,46;14,3;2,35;0,01
0;14;N Bretton ;35;Silver Birch ;3;EM ;3;19,4;482;0,482;62;2,2;17,2;10;1;5,4;5;4,8;6,2;21,4;5,35;0,24;5,59;11,18;TF16199 01013 ;Clay over Cornbrash foundation Limestone ;2;Barnstock ;23,2; ; ; ; ;11,65;-0,47; ;23,98;11,56;-0,37;0,01
0;15;N Bretton ;2;Silver Birch ;3;SM ;2;7,1;200;0,2;26;2;5,1;0;0;3;3,1;2,4;2,1;10,6;2,65;0,1;2,75;5,5;TF16219 01003 ;Clay over Cornbrash foundation Limestone ;2;Barnstock ;27,5; ; ; ; ;6,11;-0,61; ;31,1;6,22;-0,72;0,01
0;16;N Bretton ;2;Norway maple ;4;EM ;3;16,9;412;0,412;43;2,8;14,1;5;1;4,9;5,5;5,7;4,4;20,5;5,125;0,206;5,331;10,662;TF16317 01009 ;Clay over Cornbrash foundation Limestone ;2;Barnstock ;25,88; ; ; ; ;10,41;0,25; ;25,48;10,5;0,17;0,01
0;17;N Bretton ;40;Silver Birch ;3;M ;4;12,1;610;0,61; ;4;8,1;10;1;4,6;3,7;4,6;4,5;17,4;4,35;0,305;4,655;9,31;TF16380 01041 ;Clay over Cornbrash foundation Limestone ;2;Barnstock ;15,26;HR ; ; ; ; ; ; ; ; ; ;25,61
0;18;N Bretton ;60;Silver Birch ;3;M  ;4;14,5;323;0,323;41;2,2;12,3;0;0;3,9;4,5;3,6;3,9;15,9;3,975;0,1615;4,1365;8,273;TF16254 01488 ;Clay over Cornbrash foundation Limestone ;2;Essendyke ;25,61; ; ; ; ;8,71;-0,43; ;27,64;8,93;-0,65;0,01
0;19;N Bretton ;60;Silver Birch ;3;M ;4;14,2;347;0,347;44;2,1;12,1;10;1;5,9;3,3;3,5;3,4;16,1;4,025;0,1735;4,1985;8,397;TF16273 01550 ;Clay over Cornbrash foundation Limestone ;2;Kirkmedow ;24,2; ; ; ; ;9,18;-0,78; ;27,03;9,38;-0,98;0,01
0;20;N Bretton ;45;Norway Maple ;4;EM ;3;13,2;426;0,426;45;4;9,2;10;3;7,2;6,4;4,5;5,9;24;6;0,213;6,213;12,426;TF16332 01661 ;Clay over Cornbrash foundation Limestone ;2;Stumpacre ;29,17; ; ; ; ;10,67;1,76; ;25,16;10,72;1,71;0,01
0;21;N Bretton ;50;Norway Maple ;4;EM ;3;10,9;381;0,381;40;4,5;6,4;10;3;5,1;6;6,8;4,8;22,7;5,675;0,1905;5,8655;11,731;TF16342 00663 ;Clay over Cornbrash foundation Limestone ;2; ;30,79; ; ; ; ;9,84;1,9; ;26,2;9,98;1,75;0,01
0;22;N Bretton ;15;Sycamore ;3;EM ;3;17,1;565;0,565;68;6,5;10,6;10;1;6,8;7,7;7,9;6,7;29,1;7,275;0,2825;7,5575;15,115;TF16302 01691 ;Clay over Cornbrash foundation Limestone ;2; ;26,75; ; ; ; ;13;2,11; ;22,43;12,67;2,44;0,01
0;23;N Bretton ;10;Silver Birch ;3;SM ;2;13,6;322;0,322;41;5;8,6;10;1;3,6;3,2;3,5;3,3;13,6;3,4;0,161;3,561;7,122;TF16302 10719 ;Clay over Cornbrash foundation Limestone ;2; ;22,12; ; ; ; ;8,69;-1,57; ;27,66;8,91;-1,79;0,01
0;24;N Bretton ;15;Silver Birch ;3;SM ;2;12,1;254;0,254;33;4,1;8;5;1;2,6;2,6;3,2;2,4;10,8;2,7;0,127;2,827;5,654;TF16303 01716 ;Clay over Cornbrash foundation Limestone ;2; ;22,26; ; ; ; ;7,29;-1,63; ;29,51;7,5;-1,84;0,01
0;25;N Bretton ;55;Norway maple ;4;EM ;3;11,3;485;0,485;51;3,8;7,5;10;1;6,1;6;6,1;6,2;24,4;6,1;0,2425;6,3425;12,685;TF16314 01759 ;Clay over Cornbrash foundation Limestone ;2;In residential public space ;26,15; ; ; ; ;11,7;0,98; ;23,92;11,6;1,09;0,01
0;26;N Bretton ;55;Norway maple ;4;EM ;3;11,2;437;0,437;46;2;9,2;10;1;6,4;6,4;5,7;5,6;24,1;6,025;0,2185;6,2435;12,487;TF16295 01759 ;Clay over Cornbrash foundation Limestone ;2;In residential public space ;28,57; ; ; ; ;10,87;1,62; ;24,92;10,89;1,6;0,01
0;27;N Bretton ;10;Norway maple ;4;SM ;2;9,1;227;0,227;24;2,2;6,9;10;1;2,9;2,9;3,1;2,8;11,7;2,925;0,1135;3,0385;6,077;TF16276 01806 ;Clay over Cornbrash foundation Limestone ;2; ;26,77; ; ; ; ;6,7;-0,63; ;30,29;6,88;-0,8;0,01
0;28;N Bretton ;10;Sycamore ;2;EM ;3;9,4;470;0,47;57;2,1;7,3;10;1;6;6,9;6,5;6,3;25,7;6,425;0,235;6,66;13,32;TF16322 01758 ;Clay over Cornbrash foundation Limestone ;2; ;28,34; ; ; ; ;11,45;1,87; ;24,22;11,38;1,94;0,01
0;29;N Bretton ;30;Silver Birch ;3;EM ;3;17;410;0,41;53;2,1;14,9;10;1;3,5;4,1;5,2;5,3;18,1;4,525;0,205;4,73;9,46;TF16377 01719 ;Clay over Cornbrash foundation Limestone ;2; ;23,07; ; ; ; ;10,38;-0,92; ;25,52;10,46;-1;0,01
0;30;N Bretton ;40;Silver Birch ;3;EM ;3;11,1;403;0,403;52;3;8,1;10;1;3,6;4,1;4,2;3,4;15,3;3,825;0,2015;4,0265;8,053;TF16324 01717 ;Clay over Cornbrash foundation Limestone ;2; ;19,98; ; ; ; ;10,25;-2,19; ;25,68;10,35;-2,3;0,01
0;31;N Bretton ;10;Norway Maple ;4;EM ;3;15,4;312;0,312;33;2,5;12,9;0;0;3,2;4,3;5,8;4,1;17,4;4,35;0,156;4,506;9,012;TF16323 01719 ;Clay over Cornbrash foundation Limestone ;2; ;28,88; ; ; ; ;8,49;0,53; ;27,93;8,71;0,3;0,01
0;33;N Bretton ;15;Silver Birch ;3;EM ;3;14,7;348;0,348;45;2;12,7;10;1;4,1;4,2;3,8;4,7;16,8;4,2;0,174;4,374;8,748;TF16359 01641 ;Clay over Cornbrash foundation Limestone ;2; ;25,14; ; ; ; ;9,2;-0,45; ;27;9,4;-0,65;0,01
0;34;N Bretton ;40;Silver Birch ;3;EM ;3;13,3;401;0,401;51;2;11,3;10;1;5,2;5,5;3,5;4,2;18,4;4,6;0,2005;4,8005;9,601;TF16352 01635 ;Clay over Cornbrash foundation Limestone ;2; ;23,94; ; ; ; ;10,21;-0,61; ;25,73;10,32;-0,72;0,01
0;35;N Bretton ;15;Norway maple ;4;EM ;3;16,3;388;0,388;41;3,2;13,1;5;1;3,9;5,6;5,8;5,2;20,5;5,125;0,194;5,319;10,638;TF16357 01977 ;Clay over Cornbrash foundation Limestone ;2; ;27,42; ; ; ; ;9,97;0,67; ;26,03;10,1;0,54;0,01
0;36;N Bretton ;30;Silver Birch ;3;SM ;2;10,3;197;0,197;25;4;6,3;5;1;5;2,8;2,5;2,6;12,9;3,225;0,0985;3,3235;6,647;TF16342 02017 ;Clay over Cornbrash foundation Limestone ;2; ;33,74; ; ; ; ;6,04;0,6; ;31,19;6,14;0,5;0,01
0;37;N Bretton ;2;Silver Birch ;3;SM ;2;16,9;231;0,231;30;2;14,9;5;1;2,8;3,2;2,8;2,6;11,4;2,85;0,1155;2,9655;5,931;TF16342 02044 ;Clay over Cornbrash foundation Limestone ;2; ;25,68; ; ; ; ;6,79;-0,86; ;30,18;6,97;-1,04;0,01
0;38;N Bretton ;10;Silver Birch ;3;SM ;2;10,8;230;0,23;29;2;8,8;10;1;2,9;3,6;3,5;2,6;12,6;3,15;0,115;3,265;6,53;TF163442 02068 ;Clay over Cornbrash foundation Limestone ;2; ;28,39; ; ; ; ;6,77;-0,24; ;30,2;6,95;-0,42;0,01
0;39;N Bretton ;0;Oak ;1;M ;4;19,5;870;0,87;79;6;13,5;10;3;5,9;10,3;9,1;5,8;31,1;7,775;0,435;8,21;16,42;TF16483 02010 ;Clay over Cornbrash foundation Limestone ;2; ;18,87; ; ; ; ;16,88;-0,46; ;18,89;16,44;-0,02;0,01
0;40;N Bretton ;0;Norway maple ;4;SM ;2;12,3;255;0,255;27;2,3;10;5;1;3,6;4,4;3,3;3,4;14,7;3,675;0,1275;3,8025;7,605;TF16490 02001 ;Blissworth Clay formation ;2; ;29,82; ; ; ; ;7,31;0,3; ;29,48;7,52;0,09;0,01
0;41;N Bretton ;0;Oak ;1;M ;4;16;781;0,781;71;4;12;10;3;6,2;5,3;6,5;6;24;6;0,3905;6,3905;12,781;TF16504 02020 ;Blissworth Clay formation ;2; ;16,36; ; ; ; ;15,93;-3,15; ;19,58;15,29;-2,51;0,01
0;42;S Bretton ;35;Norway maple ;4;EM ;3;13,7;352;0,352;37;3,5;10,2;10;1;4,5;4;4,1;6,3;18,9;4,725;0,176;4,901;9,802;TF16082 00041 ;Blissworth Clay formation ;2; ;27,85; ; ; ; ;9,28;0,52; ;26,9;9,47;0,33;0,01
0;43;S Bretton ;2;Silver Birch ;3;EM ;3;10,7;139;0,139; ;2,5;8,2;5;1;2,9;2,4;2;2;9,3;2,325;0,0695;2,3945;4,789;TF16084 00054 ;Clay over Cornbrash foundation Limestone ;2;Deerleap ;34,45;HR ; ; ; ; ; ; ; ; ; ;22,84
0;44;S Bretton ;45;Norway maple ;4;EM ;3;13;359;0,359;38;4;9;10;1;6,1;3,8;3,3;3,9;17,1;4,275;0,1795;4,4545;8,909;TF16084 00105 ;Clay over Cornbrash foundation Limestone ;2;Deerleap ;24,82; ; ; ; ;9,42;-0,51; ;26,73;9,6;-0,69;0,01
0;45;S Bretton ;10;Silver Birch ;3;EM ;3;13,5;261;0,261;33;2;11,5;0;0;2,7;2,8;3;2,9;11,4;2,85;0,1305;2,9805;5,961;TF16148 00138 ;Clay over Cornbrash foundation Limestone ;2;Deerleap ;22,84; ; ; ; ;7,43;-1,47; ;29,31;7,65;-1,69;0,01
0;46;S Bretton ;55;Silver Birch ;3;EM ;3;15,6;377;0,377;48;4;11,6;5;1;3,5;4,6;4,2;4,1;16,4;4,1;0,1885;4,2885;8,577;TF16130  00146 ;Clay over Cornbrash foundation Limestone ;2;Deerleap ;22,75; ; ; ; ;9,76;-1,18; ;26,29;9,91;-1,33;0,01
0;47;S Bretton ;0;Silver Birch ;3;EM ;3;14,5;271;0,271;35;2,5;12;10;1;3,1;3,1;3,3;3,7;13,2;3,3;0,1355;3,4355;6,871;TF16160 00090 ;Clay over Cornbrash foundation Limestone ;2;Deerleap ;25,35; ; ; ; ;7,64;-0,77; ;29,03;7,87;-1;0,01
0;48;S Bretton ;55;Silver Birch ;3;EM ;3;18,1;358;0,358;46;2,5;15,6;5;3;3,9;3,5;2,8;3,5;13,7;3,425;0,179;3,604;7,208;TF16120 00000 ;Clay over Cornbrash foundation Limestone ;2;Deerleap ;20,13; ; ; ; ;9,4;-2,19; ;26,75;9,58;-2,37;0,01
0;49;S Bretton ;25;Sycamore ;2;EM ;3;15,9;699;0,699;84;4,2;11,7;10;1;6,9;5,5;3,8;7,9;24,1;6,025;0,3495;6,3745;12,749;TL16130 99988 ;Clay over Cornbrash foundation Limestone ;2;Deerleap ;18,24; ; ; ; ;14,92;-2,17; ;20,46;14,3;-1,55;0,01
0;50;S Bretton ;35;Silver Birch ;3;EM ;3;13,1;258;0,258;33;2,2;10,9;10;1;3,1;2,9;2,1;3,1;11,2;2,8;0,129;2,929;5,858;TL16133 99929 ;Clay over Cornbrash foundation Limestone ;2;Deerleap ;22,71; ; ; ; ;7,37;-1,51; ;29,4;7,58;-1,73;0,01
0;51;S Bretton ;10;Silver Birch ;3;EM ;3;11,6;325;0,325; ;1,8;9,8;10;1;3,5;2,8;2,5;2;10,8;2,7;0,1625;2,8625;5,725;TL16036 99933 ;Clay over Cornbrash foundation Limestone ;2;Drayton ;17,62;HR ; ; ; ; ; ; ; ; ; ;30,72
0;52;S Bretton ;40;Norway maple ;4;EM ;3;13;321;0,321;34;3,5;9,5;10;1;3,4;3,6;4,2;4,6;15,8;3,95;0,1605;4,1105;8,221;TL16185 99868 ;Clay over Cornbrash foundation Limestone ;2;Drayton ;25,61; ; ; ; ;8,67;-0,45; ;27,69;8,89;-0,67;0,01
0;53;S Bretton ;35;Norway Maple ;4;EM ;3;14;355;0,355;37;3,5;10,5;10;3;3,3;4,5;4,2;2,2;14,2;3,55;0,1775;3,7275;7,455;TL16185 99869 ;Clay over Cornbrash foundation Limestone ;2;Drayton ;21; ; ; ; ;9,34;-1,88; ;26,83;9,52;-2,07;0,01
0;54;S Bretton ;45;Norway Maple ;4;EM ;3;10,5;355;0,355;37;1,5;9;10;3;4,8;5,6;6,7;4;21,1;5,275;0,1775;5,4525;10,905;TL16184  99708 ;Clay over Cornbrash foundation Limestone ;2;Drayton ;30,72; ; ; ; ;9,34;1,57; ;26,83;9,52;1,38;0,01
0;55;S Bretton ;60;Norway Maple ;4;EM ;3;10;379;0,379;40;5,2;4,8;10;3;3,5;3,9;3,9;4,5;15,8;3,95;0,1895;4,1395;8,279;TL16198  99725 ;Clay over Cornbrash foundation Limestone ;2;Drayton ;21,84; ; ; ; ;9,8;-1,52; ;26,24;9,95;-1,67;0,01
0;56;S Bretton ;70;Norway Maple ;4;EM ;3;16,1;385;0,385;40;4,5;11,6;10;3;3,2;4;4,1;3,7;15;3,75;0,1925;3,9425;7,885;TL16197  99732 ;Clay over Cornbrash foundation Limestone ;2;Drayton ;20,48; ; ; ; ;9,91;-2,03; ;26,1;10,05;-2,16;0,01
0;57;S Bretton ;50;Norway maple ;4;EM ;3;9,3;303;0,303;32;4;5,3;10;1;3,8;3,9;5,2;4;16,9;4,225;0,1515;4,3765;8,753;TL15756  99198 ;Clay over Cornbrash foundation Limestone ;2;Drayton ;28,89; ; ; ; ;8,3;0,45; ;28,16;8,53;0,22;0,01
0;58;S Bretton ;45;Norway maple ;4;EM ;3;11,8;332;0,332;35;4;7,8;10;1;3,6;3,7;4,1;2,8;14,2;3,55;0,166;3,716;7,432;TL15764  99174 ;Clay over Cornbrash foundation Limestone ;2;Huntsmans Gate ;22,39; ; ; ; ;8,89;-1,45; ;27,41;9,1;-1,67;0,01
0;59;S Bretton ;55;Norway Maple ;4;EM ;3;10,5;377;0,377;39;4;6,5;10;3;3,3;3,6;4,2;3,7;14,8;3,7;0,1885;3,8885;7,777;TL15756 99198 ;Clay over Cornbrash foundation Limestone ;2;Huntsmans Gate ;20,63; ; ; ; ;9,76;-1,98; ;26,29;9,91;-2,13;0,01
0;60;S Bretton ;40;Oak ;1;M ;4;18;970;0,97;88;2,5;15,5;10;3;6,6;7,1;2,4;7,4;23,5;5,875;0,485;6,36;12,72;TL15815 98944 ;Clay over Cornbrash foundation Limestone ;2;Egar Way ;13,11; ; ; ; ;17,78;-5,06; ;18,47;17,91;-5,19;0,01
0;61;S Bretton ;15;Oak ;1;SM ;2;11,6;268;0,268;24;2,2;9,4;10;3;4,8;5;5,2;4,4;19,4;4,85;0,134;4,984;9,968;TL15840 98957 ;Clay over Cornbrash foundation Limestone ;2;Egar Way ;37,19; ; ; ; ;7,58;2,39; ;29,12;7,8;2,16;0,01
0;62;S Bretton ;5;Sycamore ;2;EM ;3;15;620;0,62;75;4;11;10;3;6,2;7,6;7;8,7;29,5;7,375;0,31;7,685;15,37;TL17187 99434 ;Clay over Cornbrash foundation Limestone ;2;Ledbury Road ;24,79; ; ; ; ;13,83;1,54; ;21,54;13,36;2,01;0,01
0;63;S Bretton ;10;Sycamore ;2;M ;4;14,8;627;0,627;66;3;11,8;5;3;6,1;5,5;6,9;6,6;25,1;6,275;0,3135;6,5885;13,177;TL17172  99441 ;Clay over Cornbrash foundation Limestone ;2;Ledbury Road ;21,02; ; ; ; ;13,93;-0,75; ;21,44;13,44;-0,26;0,01
0;64;N Bretton ;10;Norway maple ;4;EM ;3;12,1;399;0,399;42;2,5;9,6;10;1;4,3;3,6;3,8;4,6;16,3;4,075;0,1995;4,2745;8,549;TF17172 01483 ;Clay over Cornbrash foundation Limestone ;2;Sturrock Way/Bretton Way ;21,43; ; ; ; ;10,17;-1,62; ;25,77;10,28;-1,73;0,01
0;65;N Bretton ;15;Silver Birch ;3;EM ;3;13,6;321;0,321;41;2,5;11,1;10;1;4,2;4,8;3;2,9;14,9;3,725;0,1605;3,8855;7,771;TF17162 01520 ;Clay over Cornbrash foundation Limestone ;2;Sturrock Way/Bretton Way ;24,21; ; ; ; ;8,67;-0,9; ;27,69;8,89;-1,12;0,01
0;66;N Bretton ;10;Norway Maple ;4;M ;3;10,1;505;0,505;53;2;8,1;0;0;6,6;5,4;5;5,3;22,3;5,575;0,2525;5,8275;11,655;TF17196 01562 ;Clay over Cornbrash foundation Limestone ;2;Sturrock Way/Bretton Way ;23,08; ; ; ; ;12,04;-0,38; ;23,52;11,88;-0,22;0,01
0;67;N Bretton ;15;Norway Maple ;4;EM ;3;12,1;450;0,45;47;2,5;9,6;0;0;5,5;5,6;5,6;4,3;21;5,25;0,225;5,475;10,95;TF17210 01570 ;Clay over Cornbrash foundation Limestone ;2;Sturrock Way/Bretton Way ;24,33; ; ; ; ;11,1;-0,15; ;24,64;11,09;-0,14;0,01
0;68;N Bretton ;25;Silver Birch ;3;EM ;3;13,1;379;0,379;49;3;10,1;10;1;4,5;5,2;3,4;2,6;15,7;3,925;0,1895;4,1145;8,229;TF17219 01385 ;Clay over Cornbrash foundation Limestone ;2;Sturrock Way/Bretton Way ;21,71; ; ; ; ;9,8;-1,57; ;26,24;9,95;-1,72;0,01
0;69;Ravensthorpe ;0;Sycamore ;2;SM ;2;11,8;374;0,374;62;3;8,8;10;1;4,3;4,8;5,1;4,9;19,1;4,775;0,187;4,962;9,924;TF17319 00645 ;Clay over Cornbrash foundation Limestone ;2;Wicken Way ;26,53; ; ; ; ;9,7;0,22; ;26,36;9,86;0,06;0,01
0;70;Ravensthorpe ;0;Oak ;1;EM ;3;10,8;320;0,32;29;2;8,8;0;0;3,9;4,4;5,2;4,3;17,8;4,45;0,16;4,61;9,22;TF17427 00562 ;Clay over Cornbrash foundation Limestone ;2;Lutton Grove ;28,81; ; ; ; ;8,65;0,57; ;27,72;8,87;0,35;0,01
0;71;Ravensthorpe ;0;Silver Birch ;3;EM ;3;11,7;285;0,285;37;2,5;9,2;10;1;3;3,3;2,6;3,4;12,3;3,075;0,1425;3,2175;6,435;TF17422 00553 ;Clay over Cornbrash foundation Limestone ;2;Lutton Grove ;22,58; ; ; ; ;7,94;-1,5; ;28,65;8,16;-1,73;0,01
0;72;Ravensthorpe ;95;Silver Birch ;3;EM ;3;15,2;348;0,348;45;3;12,2;10;1;2,5;3,8;3,2;3,2;12,7;3,175;0,174;3,349;6,698;TF17384 00534 ;Clay over Cornbrash foundation Limestone ;2;Lutton Grove ;19,25; ; ; ; ;9,2;-2,5; ;27;9,4;-2,7;0,01
0;73;Ravensthorpe ;5;Silver Birch ;3;EM ;3;11,2;315;0,315;40;2;9,2;10;1;3,9;3,8;4,2;4,2;16,1;4,025;0,1575;4,1825;8,365;TF17375 00529 ;Clay over Cornbrash foundation Limestone ;2;Lutton Grove ;26,56; ; ; ; ;8,55;-0,18; ;27,85;8,77;-0,41;0,01
0;74;Ravensthorpe ;50;Silver Birch ;3;M ;4;12,4;380;0,38;49;4;8,4;10;1;4,2;4,3;4,4;5;17,9;4,475;0,19;4,665;9,33;TF17368 00525 ;Clay over Cornbrash foundation Limestone ;2;Lutton Grove ;24,55; ; ; ; ;9,82;-0,49; ;26,22;9,96;-0,63;0,01
0;75;Ravensthorpe ;15;Oak ;1;EM ;3;12,8;581;0,581;53;3,5;9,3;10;1;7,6;7,4;7,9;8,1;31;7,75;0,2905;8,0405;16,081;TF17324 00504 ;Clay over Cornbrash foundation Limestone ;2;Lutton Grove ;27,68; ; ; ; ;13,25;2,83; ;22,16;12,88;3,21;0,01
0;76;Ravensthorpe ;5;Oak ;1;SM ;2;12,2;320;0,32;29;4;8,2;10;1;5,3;6,1;5,4;4,3;21,1;5,275;0,16;5,435;10,87;TF17273 00478 ;Clay over Cornbrash foundation Limestone ;2;Lutton Grove ;33,97; ; ; ; ;8,65;2,22; ;27,72;8,87;2;0,01
0;77;Ravensthorpe ;15;Oak ;1;EM ;3;8,2;354;0,354;32;2;6,2;10;1;4,8;6,3;5,7;5,4;22,2;5,55;0,177;5,727;11,454;TF17494 00530 ;Clay over Cornbrash foundation Limestone ;2;Gransley Rise ;32,36; ; ; ; ;9,32;2,14; ;26,85;9,51;1,95;0,01
0;78;N Bretton ;30;Sycamore ;2;EM ;3;12,7;441;0,441;53;3;9,7;10;3;5,3;4,9;5,8;4,7;20,7;5,175;0,2205;5,3955;10,791;TF16599 01728 ;Clay over Cornbrash foundation Limestone ;2;Bretton Park Norburn end ;24,47; ; ; ; ;10,94;-0,15; ;24,83;10,95;-0,16;0,01
0;79;N Bretton ;10;Norway maple ;4;EM ;3;12,5;455;0,455;48;4;8,5;10;1;5,4;4,8;5,1;5,2;20,5;5,125;0,2275;5,3525;10,705;TF16606 01739 ;Clay over Cornbrash foundation Limestone ;2;Bretton Park Norburn end ;23,53; ; ; ; ;11,18;-0,48; ;24,53;11,16;-0,46;0,01
0;80;N Bretton ;0;Oak ;1;Y ;1;5,2;126;0,126;11;2;3,2;0;0;1,7;1,5;1,5;1,8;6,5;1,625;0,063;1,688;3,376;TF16271 00576 ;Blissworth Clay formation ;2;Bretton Centre Car Park ;26,79; ; ; ; ;4,41;-1,04; ;33,45;4,21;-0,84;0,01
0;81;N Bretton ;5;Oak ;1;Y ;1;4,1;121;0,121;11;2;2,1;0;0;2,3;2,4;2,3;2,6;9,6;2,4;0,0605;2,4605;4,921;TF16276 00580 ;Blissworth Clay formation ;2;Bretton Centre Car Park ;40,67; ; ; ; ;4,3;0,63; ;33,61;4,07;0,85;0,01
0;82;N Bretton ;5;Oak ;1;Y ;1;5;104;0,104;9;2;3;0;0;2;1,8;2,1;2,2;8,1;2,025;0,052;2,077;4,154;TF16266  00591 ;Blissworth Clay formation ;2;Bretton Centre Car Park ;39,94; ; ; ; ;3,89;0,26; ;34,18;3,55;0,6;0,01
0;83;N Bretton ;0;Oak ;1;Y ;1;5,3;110;0,11;10;2;3,3;0;0;2,1;2,3;2;2,2;8,6;2,15;0,055;2,205;4,41;TF16257  00586 ;Blissworth Clay formation ;2;Bretton Centre Car Park ;40,09; ; ; ; ;4,03;0,38; ;33,98;3,74;0,67;0,01
0;84;N Bretton ;20;Sycamore ;2;SM ;2;8,4;195;0,195;33;2;6,4;10;1;3,9;3,1;3,3;3,2;13,5;3,375;0,0975;3,4725;6,945;TF16218  00398 ;Blissworth Clay formation ;2;Bretton Way Nr Roundabout ;35,62; ; ; ; ;6;0,95; ;31,25;6,09;0,85;0,01
0;85;N Bretton ;20;Norway maple ;4;EM ;3;13,3;459;0,459;48;3;10,3;10;1;5,3;4,8;6,5;4,8;21,4;5,35;0,2295;5,5795;11,159;TF16194  00320 ;Blissworth Clay formation ;2;Bretton Way Nr Roundabout ;24,31; ; ; ; ;11,25;-0,1; ;24,45;11,22;-0,06;0,01
0;86;N Bretton ;30;Oak ;1;M ;4;15;649;0,649;59;2,5;12,5;10;3;7,1;7,6;7,7;6,5;28,9;7,225;0,3245;7,5495;15,099;TF16171  00333 ;Blissworth Clay formation ;2;Bretton Way Nr Roundabout ;23,27; ; ; ; ;14,24;0,86; ;21,12;13,71;1,39;0,01
0;87;N Bretton ;0;Silver Birch ;3;SM ;2;18,5;373;0,373;48;4;14,5;10;1;2,5;3,4;4,25;4,6;14,75;3,6875;0,1865;3,874;7,748;TF16213  00283 ;Blissworth Clay formation ;2;Bretton Way Nr Roundabout ;20,77; ; ; ; ;9,68;-1,94; ;26,39;9,84;-2,09;0,01
0;88;N Bretton ;0;Silver Birch ;3;SM ;2;16,3;288;0,288;37;4;12,3;10;1;3,9;4;3,2;3,3;14,4;3,6;0,144;3,744;7,488;TF16230  00282 ;Blissworth Clay formation ;2;Bretton Way Nr Roundabout ;26; ; ; ; ;8;-0,51; ;28,57;8,23;-0,74;0,01
0;89;N Bretton ;60;Oak ;1;M ;4;15,1;700;0,7;64;2;13,1;10;3;5,5;5,6;7;5,4;23,5;5,875;0,35;6,225;12,45;TF16255  00386 ;Blissworth Clay formation ;2;Bretton Way Nr Roundabout ;17,79; ; ; ; ;14,93;-2,48; ;20,45;14,31;-1,86;0,01
0;90;N Bretton ;10;Oak ;1;M ;4;18,2;490;0,49;45;2,5;15,7;10;3;5,4;5,7;5,5;7,3;23,9;5,975;0,245;6,22;12,44;TF16269  00441 ;Blissworth Clay formation ;2;Bretton Way Nr Roundabout ;25,39; ; ; ; ;11,79;0,65; ;23,82;11,67;0,77;0,01
0;91;N Bretton ;30;Oak ;1;M ;4;15,8;720;0,72;65;2;13,8;10;1;7,6;8,1;7,5;6;29,2;7,3;0,36;7,66;15,32;TF16285  00468 ;Blissworth Clay formation ;2;Bretton Way Nr Roundabout ;21,28; ; ; ; ;15,19;0,13; ;20,21;14,55;0,77;0,01
0;92;N Bretton ;65;Sycamore ;2;EM ;3;13;434;0,434;52;4,5;8,5;10;1;5,7;4,9;6;5,7;22,3;5,575;0,217;5,792;11,584;TF16394 01853 ;Blissworth Clay formation ;2;Watergall ;26,69; ; ; ; ;10,81;0,77; ;24,99;10,84;0,74;0,01
0;93;N Bretton ;0;Norway Maple ;4;Y ;1;5,4;142;0,142;15;3;2,4;0;0;2,1;2,3;2,2;1,5;8,1;2,025;0,071;2,096;4,192;TF16387 01870 ;Blissworth Clay formation ;2;Watergall ;29,52; ; ; ; ;4,79;-0,6; ;32,92;4,67;-0,48;0,01
0;94;N Bretton ;20;Norway maple ;4;SM ;2;13,8;379;0,379;40;4;9,8;10;1;6;5,6;7,2;5,2;24;6;0,1895;6,1895;12,379;TF16357 01863 ;Blissworth Clay formation ;2;Watergall ;32,66; ; ; ; ;9,8;2,58; ;26,24;9,95;2,43;0,01
0;95;N Bretton ;0;Norway maple ;4;SM ;2;12,1;304;0,304;32;3,5;8,6;10;1;2,7;3,3;3,4;2,8;12,2;3,05;0,152;3,202;6,404;TF16384 01908 ;Blissworth Clay formation ;2;Watergall ;21,07; ; ; ; ;8,32;-1,92; ;28,14;8,55;-2,15;0,01
0;96;N Bretton ;0;Norway Maple ;4;SM ;2;10,2;320;0,32;33;3,5;6,7;0;0;3,8;3,2;3,7;3,1;13,8;3,45;0,16;3,61;7,22;TF 16510 02011 ;Blissworth Clay formation ;2;Watergall ;22,56; ; ; ; ;8,65;-1,43; ;27,72;8,87;-1,65;0,01
0;97;N Bretton ;0;Oak ;1;M ;4;14,4;723;0,723;66;3,5;10,9;10;3;5,9;5,9;10;8,9;30,7;7,675;0,3615;8,0365;16,073;TF 16512 02006 ;Blissworth Clay formation ;2;Watergall ;22,23; ; ; ; ;15,23;0,85; ;20,18;14,59;1,49;0,01
0;98;N Bretton ;0;Norway maple ;4;SM ;2;12,1;306;0,306;32;2,4;9,7;10;1;4,2;4,3;4,1;3,8;16,4;4,1;0,153;4,253;8,506;TF16365 01901 ;Blissworth Clay formation ;2;Watergall ;27,8; ; ; ; ;8,37;0,14; ;28,08;8,59;-0,09;0,01
0;99;N Bretton ;10;Oak ;1;M ;4;12,1;664;0,664;60;3,5;8,6;10;1;6,7;6,3;6,9;5,4;25,3;6,325;0,332;6,657;13,314;TF16528 02033 ;Blissworth Clay formation ;2;Watergall ;20,05; ; ; ; ;14,45;-1,14; ;20,91;13,89;-0,57;0,01
0;100;N Bretton ;0;Norway maple ;4;SM ;2;11,4;305;0,305;32;3,2;8,2;10;1;3,9;4,1;4,1;3,6;15,7;3,925;0,1525;4,0775;8,155;TF16528 02034 ;Blissworth Clay formation ;2;Watergall ;26,74; ; ; ; ;8,34;-0,19; ;28,11;8,57;-0,42;0,01
0;101;N Bretton ;0;Norway maple ;4;EM ;3;14,1;443;0,443;46;2,5;11,6;10;1;5,3;6,6;6,2;4,8;22,9;5,725;0,2215;5,9465;11,893;TF16528 02035 ;Blissworth Clay formation ;2;Watergall ;26,85; ; ; ; ;10,97;0,92; ;24,79;10,98;0,91;0,01
0;102;N Bretton ;30;Norway Maple ;4;EM ;3;13,3;458;0,458;48;4,5;8,8;10;3;6;6,1;6,2;5,4;23,7;5,925;0,229;6,154;12,308;TF16498 02106 ;Blissworth Clay formation ;2;Watergall ;26,87; ; ; ; ;11,24;1,07; ;24,47;11,21;1,1;0,01
0;103;N Bretton ;35;Norway Maple ;4;EM ;3;10,1;378;0,378;40;3,1;7;10;4;4,7;4,1;5,1;5,3;19,2;4,8;0,189;4,989;9,978;TF16498 02106 ;Blissworth Clay formation ;2;Watergall ;26,4; ; ; ; ;9,78;0,2; ;26,27;9,93;0,05;0,01
0;104;N Bretton ;40;Norway maple ;4;SM ;2;9,7;311;0,311;33;3,5;6,2;10;1;4,2;4,1;3,9;4;16,2;4,05;0,1555;4,2055;8,411;TF16404 02024 ;Blissworth Clay formation ;2; ;27,05; ; ; ; ;8,47;-0,06; ;27,95;8,69;-0,28;0,01
0;105;N Bretton ;25;Silver Birch ;3;EM ;3;14,8;326;0,326;42;2;12,8;5;1;3,5;2,7;4,5;4,3;15;3,75;0,163;3,913;7,826;TF16459 02105 ;Blissworth Clay formation ;2; ;24,01; ; ; ; ;8,77;-0,94; ;27,56;8,98;-1,16;0,01
0;106;N Bretton ;35;Silver Birch ;3;M ;4;14,1;406;0,406;52;1,8;12,3;10;1;4,4;5;4,9;5,1;19,4;4,85;0,203;5,053;10,106;TF16605 02098 ;Blissworth Clay formation ;2;Linkside ;24,89; ; ; ; ;10,3;-0,2; ;25,61;10,4;-0,29;0,01
0;107;N Bretton ;5;Silver Birch ;3;EM ;3;13,4;311;0,311;40;4;9,4;10;1;4,9;5,1;3,2;4,3;17,5;4,375;0,1555;4,5305;9,061;TF16605 02099 ;Blissworth Clay formation ;2;Linkside ;29,14; ; ; ; ;8,47;0,59; ;27,95;8,69;0,37;0,01
0;108;N Bretton ;45;Silver Birch ;3;M ;4;15,1;450;0,45;58;7;8,1;10;1;5,3;4,9;4,2;5,4;19,8;4,95;0,225;5,175;10,35;TF16600 01937 ;Blissworth Clay formation ;2;164 Watergall ;23; ; ; ; ;11,1;-0,75; ;24,64;11,09;-0,74;0,01
0;109;N Bretton ;20;Silver Birch ;3;EM ;3;12;392;0,392;50;2,5;9,5;10;1;4,4;4,1;4,2;3,6;16,3;4,075;0,196;4,271;8,542;TF 16554 01957 ;Blissworth Clay formation ;2;Watergall ;21,79; ; ; ; ;10,04;-1,5; ;25,94;10,17;-1,63;0,01
0;110;N Bretton ;10;Silver Birch ;3;EM ;3;16,7;370;0,37;47;2;14,7;10;1;4,8;3,9;3;4,7;16,4;4,1;0,185;4,285;8,57;TF 16554 01958 ;Blissworth Clay formation ;2;Watergall ;23,16; ; ; ; ;9,63;-1,06; ;26,46;9,79;-1,22;0,01
0;111;N Bretton ;0;Silver Birch ;3;EM ;3;13;359;0,359;46;1,4;11,6;10;1;3,2;5,6;5,1;4,8;18,7;4,675;0,1795;4,8545;9,709;TF 16554 01959 ;Blissworth Clay formation ;2;Watergall ;27,04; ; ; ; ;9,42;0,29; ;26,73;9,6;0,11;0,01
0;112;N Bretton ;90;Silver Birch ;3;EM ;3;16,8;445;0,445;57;2;14,8;10;1;4,2;4,3;4,8;4,7;18;4,5;0,2225;4,7225;9,445;TF 16554 01960 ;Blissworth Clay formation ;2;Watergall ;21,22; ; ; ; ;11,01;-1,56; ;24,75;11,01;-1,57;0,01
0;113;N Bretton ;80;Silver Birch ;3;EM ;3;14,8;369;0,369;47;2,5;12,3;10;1;4;4,7;4,8;3,4;16,9;4,225;0,1845;4,4095;8,819;TF 16554 01961 ;Blissworth Clay formation ;2;Watergall ;23,9; ; ; ; ;9,61;-0,79; ;26,48;9,77;-0,95;0,01
0;114;N Bretton ;35;Silver Birch ;3;EM ;3;15;384;0,384;49;2,5;12,5;10;1;4,3;3,7;3,5;3,6;15,1;3,775;0,192;3,967;7,934;TF 16554 01962 ;Blissworth Clay formation ;2;Watergall ;20,66; ; ; ; ;9,89;-1,96; ;26,12;10,03;-2,1;0,01
0;115;N Bretton ;20;Silver Birch ;3;EM ;3;5;358;0,358;46;3;2;10;1;4,9;5,1;3,5;3;16,5;4,125;0,179;4,304;8,608;TF 16554 01963 ;Blissworth Clay formation ;2;Watergall ;24,04; ; ; ; ;9,4;-0,79; ;26,75;9,58;-0,97;0,01
0;116;N Bretton ;30;Silver Birch ;3;EM ;3;12,1;348;0,348;45;4;8,1;10;1;3,2;3,4;3,2;4,1;13,9;3,475;0,174;3,649;7,298;TF16607 01895 ;Blissworth Clay formation ;2;Norburn ;20,97; ; ; ; ;9,2;-1,9; ;27;9,4;-2,1;0,01
0;117;N Bretton ;10;Silver Birch ;3;EM ;3;13,9;321;0,321;41;4;9,9;10;1;4,4;4,8;3,9;2,8;15,9;3,975;0,1605;4,1355;8,271;TF16760 01756 ;Clay over Cornbrash foundation Limestone ;2;58 Risby ;25,77; ; ; ; ;8,67;-0,4; ;27,69;8,89;-0,62;0,01
0;118;N Bretton ;10;Silver Birch ;3;SM ;2;11,9;279;0,279;36;3;8,9;10;1;3,2;2,7;3,4;2,3;11,6;2,9;0,1395;3,0395;6,079;TF16774 01751 ;Clay over Cornbrash foundation Limestone ;2;Risby ;21,79; ; ; ; ;7,81;-1,73; ;28,81;8,04;-1,96;0,01
0;119;N Bretton ;60;Silver Birch ;3;M ;4;15,9;404;0,404;52;6;9,9;5;1;5,9;4,3;4,9;3,8;18,9;4,725;0,202;4,927;9,854;TF16778 01753 ;Clay over Cornbrash foundation Limestone ;2;Risby ;24,39; ; ; ; ;10,27;-0,41; ;25,66;10,37;-0,51;0,01
0;120;Werrington ;0;Norway Maple ;4;M ;4;17,1;498;0,498;52;4;13,1;0;0;6,1;6,6;5,8;5,5;24;6;0,249;6,249;12,498;TF18772 01438 ;River Terrance Deposits Sand and Gravel ;1;Park Fulbridge Road ;25,1; ; ; ; ;11,92;0,58; ;23,66;11,78;0,72;0,01
0;121;Werrington ;0;Norway maple ;4;M ;4;17,1;495;0,495;52;4;13,1;10;1;7;6,7;4,3;5,4;19,1;4,775;0,2475;5,0225;10,045;TF18800 01433 ;River Terrance Deposits Sand and Gravel ;1;Park Fulbridge Road ;20,29; ; ; ; ;11,87;-1,83; ;23,72;11,74;-1,7;0,01
0;122;Werrington ;0;Norway maple ;4;M ;4;17,5;499;0,499;52;2,2;15,3;10;1;4,6;5,9;5,2;5,4;21,1;5,275;0,2495;5,5245;11,049;TF18775 01490 ;River Terrance Deposits Sand and Gravel ;1;Park Fulbridge Road Purple ;22,14; ; ; ; ;11,94;-0,89; ;23,64;11,8;-0,75;0,01
0;123;Werrington ;0;Norway maple ;4;M ;4;17,2;439;0,439;46;2;15,2;10;1;4,9;5,4;6,1;5,8;22,2;5,55;0,2195;5,7695;11,539;TF18769 01511 ;River Terrance Deposits Sand and Gravel ;1;Park Fulbridge Road ;26,28; ; ; ; ;10,9;0,64; ;24,88;10,92;0,62;0,01
0;124;Werrington ;0;Norway Maple ;4;M ;4;12,5;357;0,357;37;2,4;10,1;0;0;4,8;4,8;6,5;4,5;20,6;5,15;0,1785;5,3285;10,657;TF18748 01524 ;River Terrance Deposits Sand and Gravel ;1;Park Fulbridge Road ;29,85; ; ; ; ;9,38;1,28; ;26,78;9,56;1,1;0,01
0;125;Werrington ;0;Norway maple ;4;M ;4;17,5;553;0,553;58;2;15,5;10;1;4,8;5,6;5,7;3;19,1;4,775;0,2765;5,0515;10,103;TF18750 01540 ;River Terrance Deposits Sand and Gravel ;1;Park Fulbridge Road ;18,27; ; ; ; ;12,82;-2,71; ;22,64;12,52;-2,42;0,01
0;126;Werrington ;0;Norway Maple ;4;EM ;3;16,9;400;0,4;42;2;14,9;0;0;5,4;5,6;5,2;5;21,2;5,3;0,2;5,5;11;TF18722 01567 ;River Terrance Deposits Sand and Gravel ;1;Park Fulbridge Road ;27,5; ; ; ; ;10,19;0,81; ;25,75;10,3;0,7;0,01
0;127;Werrington ;0;Silver Birch ;3;SM ;2;7,1;225;0,225;29;3;4,1;0;0;3,2;3,3;2,5;2,6;11,6;2,9;0,1125;3,0125;6,025;TF18720 01571 ;River Terrance Deposits Sand and Gravel ;1;Park Fulbridge Road ;26,78; ; ; ; ;6,66;-0,64; ;30,35;6,83;-0,8;0,01
0;128;Werrington ;5;Silver Birch ;3;EM ;3;8;385;0,385;49;1,8;6,2;0;0;5;5,5;4,1;3,9;18,5;4,625;0,1925;4,8175;9,635;TF18599 01500 ;River Terrance Deposits Sand and Gravel ;1;Park Fulbridge Road ;25,03; ; ; ; ;9,91;-0,28; ;26,1;10,05;-0,41;0,01
0;129;Werrington ;0;Norway Maple ;4;EM ;3;7,2;387;0,387;40;2,5;4,7;0;0;5,1;5,1;5;4,7;19,9;4,975;0,1935;5,1685;10,337;TF18574 01477 ;River Terrance Deposits Sand and Gravel ;1;Park Fulbridge Road ;26,71; ; ; ; ;9,95;0,39; ;26,05;10,08;0,25;0,01
0;130;Werrington ;20;Sycamore ;2;SM ;2;8,1;332;0,332;55;3,5;4,6;10;3;4;4,1;2,8;3,5;14,4;3,6;0,166;3,766;7,532;TF18329 02053 ;River Terrance Deposits Sand and Gravel ;1;Park Fulbridge Road ;22,69; ; ; ; ;8,89;-1,35; ;27,41;9,1;-1,57;0,01
0;131;Werrington ;0;Sycamore ;2;SM ;2;6,5;135;0,135;23;2;4,5;5;1;2,4;2,1;2,5;2,3;9,3;2,325;0,0675;2,3925;4,785;TF16935 02723 ;Oxford Clay formation ;2;Lincoln Road ;35,44; ; ; ; ;4,63;0,16; ;33,15;4,48;0,31;0,01
0;132;Werrington ;0;Sycamore ;2;SM ;2;6,5;121;0,121;20;1,4;5,1;10;1;2,1;2,2;2;2,1;8,4;2,1;0,0605;2,1605;4,321;TF16942 02719 ;Oxford Clay formation ;2;Lincoln Road ;35,71; ; ; ; ;4,3;0,03; ;33,61;4,07;0,25;0,01
0;133;Werrington ;0;Sycamore ;2;SM ;2;6,5;140;0,14;23;1,8;4,7;10;1;2,1;2,4;2,1;2,6;9,2;2,3;0,07;2,37;4,74;TF16946 02712 ;Oxford Clay formation ;2;Lincoln Road ;33,86; ; ; ; ;4,74;0; ;32,99;4,62;0,12;0,01
0;134;Werrington ;0;Sycamore ;2;SM ;2;5,8;121;0,121;20;1,4;4,4;0;0;2,3;2,2;2,1;2,3;8,9;2,225;0,0605;2,2855;4,571;TF16958 02709 ;Oxford Clay formation ;2;Lincoln Road ;37,78; ; ; ; ;4,3;0,28; ;33,61;4,07;0,5;0,01
0;135;Werrington ;0;Sycamore ;2;SM ;2;6,3;140;0,14;23;1,6;4,7;5;1;2,4;2;2,3;2,4;9,1;2,275;0,07;2,345;4,69;TF16971 02701 ;Oxford Clay formation ;2;Lincoln Road ;33,5; ; ; ; ;4,74;-0,05; ;32,99;4,62;0,07;0,01
0;136;Werrington ;0;Sycamore ;2;SM ;2;7,3;136;0,136;23;1,9;5,4;5;1;1,6;2,4;2,9;2,3;9,2;2,3;0,068;2,368;4,736;TF16970 02699 ;Oxford Clay formation ;2;Lincoln Road ;34,82; ; ; ; ;4,65;0,09; ;33,12;4,5;0,23;0,01
0;137;Werrington ;0;Sycamore ;2;SM ;2;6,3;121;0,121;20;1,8;4,5;5;1;1,8;1,8;1,9;2;7,5;1,875;0,0605;1,9355;3,871;TF16984 02692 ;Oxford Clay formation ;2;Lincoln Road ;31,99; ; ; ; ;4,3;-0,42; ;33,61;4,07;-0,2;0,01
0;138;Werrington ;0;Sycamore ;2;SM ;2;4,7;100;0,1;17;1,8;2,9;5;1;1,7;1,8;1,6;1,7;6,8;1,7;0,05;1,75;3,5;TF16991 02693 ;Oxford Clay formation ;2;Lincoln Road ;35; ; ; ; ;3,79;-0,29; ;34,32;3,43;0,07;0,01
0;139;Werrington ;0;Silver Birch ;4;EM ;3;12,6;248;0,248;32;1,3;11,3;10;1;3,4;3,3;3,4;3,6;13,7;3,425;0,124;3,549;7,098;TF16991 02694 ;Oxford Clay formatiom ;2;Lincoln Road ;28,62; ; ; ; ;7,16;-0,06; ;29,68;7,36;-0,26;0,01
0;140;Central Bishops Rd ;85;Sycamore ;2;M ;4;18,1;650;0,65;68;7,5;10,6;10;3;7,5;7,8;7,5;5;27,8;6,95;0,325;7,275;14,55;TL19775 98585 ;Alluvium - Clay, Silt, Sand And Gravel  Superficial ;3;Bishops Road ;22,38; ; ; ; ;14,26;0,29; ;21,1;13,72;0,83;0,01
0;141;Central Bishops Rd ;40;Sycamore ;2;EM ;3;9;357;0,357;43;3,5;5,5;10;1;5,4;5,1;4,9;4,2;19,6;4,9;0,1785;5,0785;10,157;TL19719 98553 ;Alluvium - Clay, Silt, Sand And Gravel  Superficial ;3;Bishops Road ;28,45; ; ; ; ;9,38;0,78; ;26,78;9,56;0,6;0,01
0;142;Central Bishops Rd ;0;Oak ;1;SM ;2;6,7;174;0,174;16;1,5;5,2;5;1;2,5;2,5;2,2;2;9,2;2,3;0,087;2,387;4,774;TL19627 98318 ;Alluvium - Clay, Silt, Sand And Gravel  Superficial ;3;Bishops Road ;27,44; ; ; ; ;5,53;-0,75; ;31,9;5,55;-0,78;0,01
0;143;Central Bishops Rd ;0;Oak ;1;SM ;2;8,9;242;0,242;22;1,2;7,7;5;1;4;3,8;3,3;3,1;14,2;3,55;0,121;3,671;7,342;TL19641 98343 ;Alluvium - Clay, Silt, Sand And Gravel  Superficial ;3;Bishops Road ;30,34; ; ; ; ;7,03;0,31; ;29,86;7,23;0,12;0,01
0;144;Central Bishops Rd ;0;Oak ;1;SM ;2;8,1;195;0,195;18;1,2;6,9;5;1;4,2;3,2;3,1;3,4;13,9;3,475;0,0975;3,5725;7,145;TL19644 98345 ;Alluvium - Clay, Silt, Sand And Gravel  Superficial ;3;Bishops Road ;36,64; ; ; ; ;6;1,15; ;31,25;6,09;1,05;0,01
0;145;Rivergate ;2;Sycamore ;2;SM ;2;8,1;169;0,169;28;2;6,1;5;1;3,1;3;3;2,7;11,8;2,95;0,0845;3,0345;6,069;TL19581 98150 ;Alluvium - Clay, Silt, Sand And Gravel  Superficial ;3;Park edging River Nene ;35,91; ; ; ; ;5,41;0,66; ;32,06;5,42;0,65;0,01
0;146;Rivergate ;0;Sycamore ;2;M ;4;16,5;610;0,61;64;3,5;13;5;1;7,8;7,7;6,8;5,3;27,6;6,9;0,305;7,205;14,41;TL19584 98156 ;Alluvium - Clay, Silt, Sand And Gravel  Superficial ;3;Park edging River Nene ;23,62; ; ; ; ;13,68;0,73; ;21,7;13,23;1,18;0,01
0;147;Rivergate ;0;Sycamore ;2;EM ;3;15,4;519;0,519;63;4;11,4;10;1;6,3;6,6;5,9;4,9;23,7;5,925;0,2595;6,1845;12,369;TL19580 98163 ;Alluvium - Clay, Silt, Sand And Gravel  Superficial ;3;Park edging River Nene ;23,83; ; ; ; ;12,27;0,1; ;23,26;12,07;0,3;0,01
0;148;Rivergate ;0;Sycamore ;2;M ;4;13,1;682;0,682;71;3;10,1;10;1;6,9;5,9;8,4;8,3;29,5;7,375;0,341;7,716;15,432;TL19573  98162 ;Alluvium - Clay, Silt, Sand And Gravel  Superficial ;3;Park edging River Nene ;22,63; ; ; ; ;14,69;0,74; ;20,67;14,1;1,33;0,01
0;149;Tanhouse ;10;Silver Birch ;4;M ;4;15,3;449;0,449;58;2;13,3;10;3;4,5;4;4,3;4,1;16,9;4,225;0,2245;4,4495;8,899;TL17288 96408 ;River Terrance Deposits Sand and Gravel ;1; ;19,82; ; ; ; ;11,08;-2,18; ;24,66;11,07;-2,17;0,01
0;150;Tanhouse ;40;Oak ;1;EM ;3;13,9;543;0,543;49;2;11,9;10;3;9;7,6;9,9;8,5;35;8,75;0,2715;9,0215;18,043;TL17285 96218 ;River Terrance Deposits Sand and Gravel ;1;Very Broad Crown ;33,23; ; ; ; ;12,66;5,39; ;22,82;12,39;5,65;0,01
0;151;Weather hows ;0;Oak ;1;EM ;3;14,3;433;0,433;39;2,5;11,8;10;1;6,2;5,4;6,2;6,9;24,7;6,175;0,2165;6,3915;12,783;TL17313 96276 ;River Terrance Deposits Sand and Gravel ;1; ;29,52; ; ; ; ;10,79;1,99; ;25,01;10,83;1,95;0,01
0;152;Weather hows ;1;Silver Birch ;4;EM ;3;11,9;274;0,274;35;2,2;9,7;10;1;4,3;3,6;4,2;4;16,1;4,025;0,137;4,162;8,324;TL17285 96266 ;River Terrance Deposits Sand and Gravel ;1; ;30,38; ; ; ; ;7,71;0,62; ;28,95;7,93;0,39;0,01
0;153;Weather hows ;30;Oak ;1;EM ;3;16,2;479;0,479;44;2,8;13,4;10;1;5,1;7,7;6,3;5;24,1;6,025;0,2395;6,2645;12,529;TL17283 96268 ;River Terrance Deposits Sand and Gravel ;1; ;26,16; ; ; ; ;11,6;0,93; ;24,04;11,51;1,02;0,01
0;154;Botolph Green ;0;Oak ;1;SM ;3;14,2;384;0,384;35;1,8;12,4;5;1;6,4;5,5;6,4;5,8;24,1;6,025;0,192;6,217;12,434;TL17260 97260 ;River Terrance Deposits Sand and Gravel ;1; ;32,38; ; ; ; ;9,89;2,54; ;26,12;10,03;2,4;0,01
0;155;Botolph Green ;0;Oak ;1;EM ;3;15,1;410;0,41;37;1,5;13,6;5;1;5,6;6,9;6,6;4,4;23,5;5,875;0,205;6,08;12,16;TL17296 97296 ;Kellaways Clay Member ;2; ;29,66; ; ; ; ;10,38;1,78; ;25,52;10,46;1,7;0,01
0;156;Botolph Green ;0;Oak ;1;EM ;3;14,1;411;0,411;37;1,6;12,5;5;1;6,6;5;5,4;5,9;22,9;5,725;0,2055;5,9305;11,861;TL17328 97227 ;Kellaways Clay Member ;2; ;28,86; ; ; ; ;10,39;1,47; ;25,5;10,48;1,38;0,01
0;157;Botolph Green ;0;Oak ;1;SM ;2;14,3;377;0,377;34;1,8;12,5;10;1;5,6;5,1;5,7;4,6;21;5,25;0,1885;5,4385;10,877;TL17332 97219 ;Kellaways Clay Member ;2; ;28,85; ; ; ; ;9,76;1,12; ;26,29;9,91;0,97;0,01
0;158;Botolph Green ;0;Oak ;1;SM ;2;11,1;328;0,328;30;1,6;9,5;10;1;5,4;4,5;5;4;18,9;4,725;0,164;4,889;9,778;TL17798 97231 ;Kellaways Clay Member ;2; ;29,81; ; ; ; ;8,81;0,97; ;27,51;9,02;0,76;0,01
0;159;Nene  Park ;0;Oak ;1;M ;4;18,2;1270;1,27;115;2;16,2;10;3;7;8,8;10,6;12;38,4;9,6;0,635;10,235;20,47;TL14338 97637 ;River Terrance Deposits Sand and Gravel ;1; ;16,12; ; ; ; ;19,37;1,1; ;19,37;24,6;-4,13;0,01
0;160;Nene  Park ;0;Oak ;1;SM ;2;12,5;447;0,447;41;3,2;9,3;5;3;6,5;6,8;5,6;5,7;24,6;6,15;0,2235;6,3735;12,747;TL14284 97316 ;River Terrance Deposits Sand and Gravel ;1; ;28,52; ; ; ; ;11,04;1,7; ;24,7;11,04;1,7;0,01
0;161;Nene  Park ;20;Oak ;1;SM ;2;8,3;307;0,307;28;2;6,3;5;1;3,9;3,5;3,8;3,4;14,6;3,65;0,1535;3,8035;7,607;TL14281 97299 ;River Terrance Deposits Sand and Gravel ;1; ;24,78; ; ; ; ;8,39;-0,78; ;28,06;8,61;-1,01;0,01
0;162;Nene  Park ;15;Oak ;1;EM ;3;15,4;452;0,452;41;1;14,4;10;1;5;5,6;5,5;4,4;20,5;5,125;0,226;5,351;10,702;TL14278 97286 ;River Terrance Deposits Sand and Gravel ;1; ;23,68; ; ; ; ;11,13;-0,43; ;24,6;11,12;-0,42;0,01
0;163;Nene  Park ;5;Oak ;1;EM ;3;11,8;420;0,42;38;2;9,8;10;1;5,3;5,6;4,8;4,4;20,1;5,025;0,21;5,235;10,47;TL14279 97270 ;River Terrance Deposits Sand and Gravel ;1; ;24,93; ; ; ; ;10,56;-0,09; ;25,3;10,62;-0,15;0,01
0;164;Nene  Park ;8;Oak ;1;EM ;3;12,4;417;0,417;38;1,4;11;10;1;5,2;6,2;6,3;5,6;23,3;5,825;0,2085;6,0335;12,067;TL14275 97255 ;River Terrance Deposits Sand and Gravel ;1; ;28,94; ; ; ; ;10,5;1,56; ;25,36;10,58;1,49;0,01
0;165;Nene  Park ;30;Oak ;1;EM ;3;11,5;405;0,405;37;3;8,5;10;1;4,9;3,5;5,2;4;17,6;4,4;0,2025;4,6025;9,205;TL14276 97229 ;River Terrance Deposits Sand and Gravel ;1; ;22,73; ; ; ; ;10,28;-1,08; ;25,64;10,38;-1,18;0,01
0;166;Nene  Park ;15;Sycamore ;2;EM ;3;11,7;400;0,4;48;2,9;8,8;10;1;4,8;4,1;4,5;4,3;17,7;4,425;0,2;4,625;9,25;TL14291 97230 ;River Terrance Deposits Sand and Gravel ;1; ;23,13; ; ; ; ;10,19;-0,94; ;25,75;10,3;-1,05;0,01
0;167;Nene  Park ;5;Sycamore ;2;EM ;3;12,1;454;0,454;55;1,2;10,9;5;2;6,3;5,5;6,2;6,3;24,3;6,075;0,227;6,302;12,604;TL14310 97218 ;River Terrance Deposits Sand and Gravel ;1; ;27,76; ; ; ; ;11,17;1,44; ;24,55;11,15;1,46;0,01
0;168;Nene  Park ;0;Oak ;1;SM ;2;5,3;205;0,205;19;1;4,3;0;0;3,2;2,9;2,9;2,9;11,9;2,975;0,1025;3,0775;6,155;TL14324 97241 ;River Terrance Deposits Sand and Gravel ;1; ;30,02; ; ; ; ;6,22;-0,07; ;30,95;6,34;-0,19;0,01
0;169;Nene  Park ;15;Oak ;1;OM ;4;23,3;1675;1,675; ;2,5;20,8;10;3;12,8;15,2;13,6;12;53,6;13,4;0,8375;14,2375;28,475;TL14341 97228 ;River Terrance Deposits Sand and Gravel ;1; ;17;HR ; ; ; ; ; ; ; ; ; ;30,8
0;170;Nene  Park ;0;Oak ;1;SM ;2;10,2;353;0,353;32;2;8,2;10;1;5,2;4,8;4,9;4,7;19,6;4,9;0,1765;5,0765;10,153;TL14341 97226 ;River Terrance Deposits Sand and Gravel ;1; ;28,76; ; ; ; ;9,3;0,85; ;26,88;9,49;0,67;0,01
0;171;Nene  Park ;0;Oak ;1;SM ;2;7,5;155;0,155;14;1,5;6;0;0;3,1;2,9;2,7;2,7;11,4;2,85;0,0775;2,9275;5,855;TL14393 97217              ;River Terrance Deposits Sand and Gravel ;1; ;37,77; ; ; ; ;5,09;0,76; ;32,5;5,04;0,82;0,01
0;172;Nene  Park ;0;Oak ;1;SM ;2;8;236;0,236;21;0,5;7,5;0;0;4,7;5,2;3;4;16,9;4,225;0,118;4,343;8,686;TL14398 97218             ;River Terrance Deposits Sand and Gravel ;1; ;36,81; ; ; ; ;6,9;1,79; ;30,03;7,09;1,6;0,01
0;173;Nene  Park ;0;Oak ;1;SM ;2;8,2;250;0,25;23;0,5;7,7;0;0;3,2;4,2;3,8;3,7;14,9;3,725;0,125;3,85;7,7;TL14414  97233                    7218             ;River Terrance Deposits Sand and Gravel ;1; ;30,8; ; ; ; ;7,2;0,5; ;29,63;7,41;0,29;0,01
0;174;Nene  Park ;0;Sycamore ;2;EM ;3;12,7;400;0,4;48;2;10,7;5;1;4,6;4,3;4,9;5,3;19,1;4,775;0,2;4,975;9,95;TL14424  97226                    7218             ;River Terrance Deposits Sand and Gravel ;1; ;24,88; ; ; ; ;10,19;-0,24; ;25,75;10,3;-0,35;0,01
0;175;Nene  Park ;0;Sycamore ;2;EM ;3;12,6;370;0,37;45;2;10,6;10;1;4,2;4,8;4,7;4,3;18;4,5;0,185;4,685;9,37;TL14431  97229                    7218             ;River Terrance Deposits Sand and Gravel ;1; ;25,32; ; ; ; ;9,63;-0,26; ;26,46;9,79;-0,42;0,01
0;176;Nene  Park ;0;Oak ;1;M ;4;18;1127;1,127;102;4;14;10;3;9,5;9,5;8;10,6;37,6;9,4;0,5635;9,9635;19,927;TL14355  97278                    7218             ;River Terrance Deposits Sand and Gravel ;1; ;17,68; ; ; ; ;18,82;1,11; ;18,53;20,88;-0,96;0,01
0;177;Nene  Park ;30;Sycamore ;2;SM ;2;10,2;330;0,33;55;3,5;6,7;10;1;2,9;4,1;4;3,3;14,3;3,575;0,165;3,74;7,48;TL14343 97836 ;River Terrance Deposits Sand and Gravel ;1; ;22,67; ; ; ; ;8,85;-1,37; ;27,46;9,06;-1,58;0,01
0;178;Nene  Park ;30;Sycamore ;2;SM ;2;10,1;345;0,345;58;2,8;7,3;10;1;4,8;4,2;3,7;3,6;16,3;4,075;0,1725;4,2475;8,495;TL14340 97839 ;River Terrance Deposits Sand and Gravel ;1; ;24,62; ; ; ; ;9,14;-0,65; ;27,08;9,34;-0,85;0,01
0;179;Nene  Park ;0;Sycamore ;2;SM ;2;11,6;356;0,356;59;4;7,6;10;1;5,5;4,8;4,7;4,6;19,6;4,9;0,178;5,078;10,156;TL14396 97795 ;River Terrance Deposits Sand and Gravel ;1; ;28,53; ; ; ; ;9,36;0,8; ;26,8;9,54;0,61;0,01
0;180;Nene  Park ;0;Sycamore ;2;EM ;3;16,7;605;0,605;73;4;12,7;10;1;6,2;7;7;3,7;23,9;5,975;0,3025;6,2775;12,555;TL14406 97801 ;River Terrance Deposits Sand and Gravel ;1; ;20,75; ; ; ; ;13,61;-1,05; ;21,77;13,17;-0,62;0,01
0;181;Nene  Park ;0;Sycamore ;2;EM ;3;16;467;0,467;56;4;12;10;1;5,8;5,4;6,3;5,1;22,6;5,65;0,2335;5,8835;11,767;TL14403 97813 ;River Terrance Deposits Sand and Gravel ;1; ;25,2; ; ; ; ;11,39;0,37; ;24,28;11,34;0,43;0,01
0;182;Nene  Park ;5;Norway maple ;4;EM ;3;13,8;467;0,467;49;4;9,8;10;1;5,3;5,5;4,9;6,1;21,8;5,45;0,2335;5,6835;11,367;TL14471 97853 ;River Terrance Deposits Sand and Gravel ;1; ;24,34; ; ; ; ;11,39;-0,03; ;24,28;11,34;0,03;0,01
0;183;Nene  Park ;15;Sycamore ;2;SM ;2;8,1;270;0,27;45;2;6,1;10;1;4,3;4;4,6;3,7;16,6;4,15;0,135;4,285;8,57;TL14399 97861 ;River Terrance Deposits Sand and Gravel ;1; ;31,74; ; ; ; ;7,62;0,95; ;29,06;7,85;0,72;0,01
0;184;Nene  Park ;0;Sycamore ;2;SM ;2;8,3;281;0,281;47;3;5,3;5;1;3,1;2,5;3,2;3,2;12;3;0,1405;3,1405;6,281;TL14364 97790 ;River Terrance Deposits Sand and Gravel ;1; ;22,35; ; ; ; ;7,85;-1,57; ;28,76;8,08;-1,8;0,01
0;185;Nene  Park ;0;Sycamore ;2;SM ;2;10,3;282;0,282;47;2,5;7,8;5;1;3,5;4,2;4,7;4,6;17;4,25;0,141;4,391;8,782;TL14364 97784 ;River Terrance Deposits Sand and Gravel ;1; ;31,14; ; ; ; ;7,87;0,91; ;28,73;8,1;0,68;0,01
0;186;Nene  Park ;7;Sycamore ;2;SM ;2;10,9;312;0,312;52;2,5;8,4;10;1;4,6;3,9;4,4;4,4;17,3;4,325;0,156;4,481;8,962;TL14354 97786 ;River Terrance Deposits Sand and Gravel ;1; ;28,72; ; ; ; ;8,49;0,48; ;27,93;8,71;0,25;0,01
0;187;Nene  Park ;5;Sycamore ;2;EM ;3;15,1;531;0,531;64;4;11,1;10;1;5,9;6;6,4;5,4;23,7;5,925;0,2655;6,1905;12,381;TL14340 97779 ;River Terrance Deposits Sand and Gravel ;1; ;23,32; ; ; ; ;12,47;-0,08; ;23,03;12,23;0,15;0,01
0;188;Nene  Park ;5;Sycamore ;2;EM ;3;12,7;429;0,429;52;5;7,7;10;1;4,4;5;4,7;4,1;18,2;4,55;0,2145;4,7645;9,529;TL14336 97775 ;River Terrance Deposits Sand and Gravel ;1; ;22,21; ; ; ; ;10,72;-1,19; ;25,1;10,77;-1,24;0,01
0;189;Nene  Park ;10;Sycamore ;2;SM ;2;11;355;0,355;59;4;7;10;1;5,8;4,2;4,2;4,2;18,4;4,6;0,1775;4,7775;9,555;TL14328 97775 ;River Terrance Deposits Sand and Gravel ;1; ;26,92; ; ; ; ;9,34;0,22; ;26,83;9,52;0,03;0,01
0;190;Nene  Park ;1;Sycamore ;2;SM ;2;14,1;389;0,389;65;3;11,1;10;1;5,3;4,9;4,7;5,1;20;5;0,1945;5,1945;10,389;TL14324 97769 ;River Terrance Deposits Sand and Gravel ;1; ;26,71; ; ; ; ;9,99;0,4; ;26,01;10,12;0,27;0,01
1;1;Northfields, Norwich ;1;Silver Birch ;3;SM ;2;17,1;230;0,23;29;1,2;15,9;0;0;4,6;3,5;3,6;2,5;14,2;3,55;0,12;3,67;7,33;TG 43507 07741 ;Sheringham Cliffs formation sand and gravel ;1;Full hard standing, brick tub Northfields ;31,87; ; ; ; ;6,77;0,56; ;30,2;6,95;0,38;0,01
1;2;Northfields, Norwich ;1;Silver Birch ;3;SM ;2;9,9;195;0,195;25;1,3;8,6;0;0;2,6;2,8;2,4;2,7;10,5;2,63;0,1;2,72;5,45;TG 20440 07737 ;Sheringham Cliffs formation sand and gravel ;1;Full hard standing, brick tub Northfields ;27,92; ; ; ; ;6;-0,55; ;31,25;6,09;-0,65;0,01
1;3;The Avenues Norwich ;0,4;Norway maple ;4;EM ;3;15,9;500;0,5;52;3,7;12,2;10;2;4,8;5,1;6;4,3;20,2;5,05;0,25;5,3;10,6;TG 20182 08088 ;Sheringham Cliffs formation sand and gravel ;1;Adjacent to path and busy road ;21,2; ; ; ; ;11,96;-1,36; ;23,62;11,81;-1,21;0,01
1;4;The Avenues Norwich ;0,3;Norway maple ;4;M ;4;18,3;700;0,7;73;2,9;15,4;5;2;6;6,8;7;5,8;25,6;6,4;0,35;6,75;13,5;TG20808 08084 ;Sheringham Cliffs formation sand and gravel ;1;Adjacent to path and busy road ;19,29; ; ; ; ;14,93;-1,43; ;20,45;14,31;-0,81;0,01
1;5;The Avenues Norwich ;0,3;Norway maple ;4;M ;4;20,6;790;0,79; ;4,7;15,9;10;2;7,4;10,6;8;7,5;33,5;8,38;0,39;8,77;17,53;TG20863 08079 ;Sheringham Cliffs formation sand and gravel ;1;Adjacent to path and busy road restrict on one side by building ;22,19;HR ; ; ; ; ; ; ; ; ; ;23,63
1;6;The Avenues Norwich ;0,25;Norway maple ;4;SM ;2;12,3;400;0,4;42;3;9,3;10;2;5,8;5,7;6,1;4,5;22,1;5,53;0,2;5,73;11,45;TG20861 08092 ;Sheringham Cliffs formation sand and gravel ;1;Adjacent to path and busy road ;28,63; ; ; ; ;10,19;1,26; ;25,75;10,3;1,15;0,01
1;7;The Avenues Norwich ;0,25;Norway maple ;4;EM ;3;14,3;570;0,57;60;3,8;10,5;10;2;5,4;6,4;7,4;5,1;24,3;6,08;0,29;6,36;12,72;TG20889 08096 ;Sheringham Cliffs formation sand and gravel ;1;Adjacent to path and busy road ;22,32; ; ; ; ;13,08;-0,36; ;22,34;12,74;-0,02;0,01
1;8;The Avenues Norwich ;0,5;Norway maple ;4;EM ;3;13,4;620;0,62;65;3,7;9,7;10;2;6,3;6,8;7;5,9;26;6,5;0,31;6,81;13,62;TG20899 08083 ;Sheringham Cliffs formation sand and gravel ;1;Adjacent to path and busy road ;21,97; ; ; ; ;13,83;-0,21; ;21,54;13,36;0,26;0,01
1;9;Eaton Park Norwich ;0,2;Silver Birch ;3;EM ;` ;14,3;370;0,37;47;3,2;11,1;10;2;3,4;2,8;3,7;3,1;13;3,25;0,19;3,44;6,87;TG 20635 07260 ;Leet Hill Sand And Gravel Member ;2;Adjacent to path in park, 6 m from south park avenue ;18,57; ; ; ; ;9,63;-2,76; ;26,46;9,79;-2,92;0,01
1;10;Eaton Park Norwich ;0,2;Silver Birch ;3;EM ;3;14,8;400;0,4;51;1,5;13,3;10;2;4,8;4,5;4,6;4,2;18,1;4,53;0,2;4,73;9,45;TG 20655 07277 ;Leet Hill Sand And Gravel Member ;2;Adjacent to path in park, 6 m from south park avenue ;23,63; ; ; ; ;10,19;-0,74; ;25,75;10,3;-0,85;0,01
1;11;Eaton Park Norwich ;0,2;Silver Birch ;3;SM ;2;10,5;230;0,23;29;1,7;8,8;10;2;2,8;4,2;4,3;3,2;14,5;3,63;0,12;3,74;7,48;TG 20672 07296 ;Leet Hill Sand And Gravel Member ;2;Adjacent to path in park, 6 m from south park avenue ;32,52; ; ; ; ;6,77;0,71; ;30,2;6,95;0,53;0,01
1;12;Eaton Park Norwich ;0;Silver Birch ;3;EM ;3;18,9;460;0,46;59;1,7;17,2;0;0;4,9;4;6;5,5;20,4;5,1;0,23;5,33;10,66;TG 20599 07241 ;Leet Hill Sand And Gravel Member ;2;Adjacent to moderately used dirt track along the edge of eaton park, 7 m from south park avenue ;23,17; ; ; ; ;11,27;-0,61; ;24,43;11,24;-0,58;0,01
1;13;Eaton Park Norwich ;0;Silver Birch ;3;SM ;2;15,3;300;0,3;38;1,4;13,9;0;0;4,3;5;3,8;3;16,1;4,03;0,15;4,18;8,35;TG 20501 07253 ;Leet Hill Sand And Gravel Member ;2;Adjacent to moderately used dirt track along the edge of eaton park, 7 m from south park avenue ;27,83; ; ; ; ;8,24;0,11; ;28,24;8,47;-0,12;0,01
1;14;Eaton Park Norwich ;0;Silver Birch ;3;SM ;2;13,8;290;0,29;37;1,2;12,6;0;0;4;4,2;4,1;2,7;15;3,75;0,15;3,9;7,79;TG 20480 07255 ;Leet Hill Sand And Gravel Member ;2;Adjacent to moderately used dirt track along the edge of eaton park, 7 m from south park avenue ;26,86; ; ; ; ;8,04;-0,25; ;28,51;8,27;-0,48;0,01
1;15;Eaton Park Norwich ;0;Silver Birch ;3;M ;4;16,8;580;0,58; ;1,5;15,3;0;0;4,4;5,1;6,2;4,3;20;5;0,29;5,29;10,58;TG 20453 07255 ;Leet Hill Sand And Gravel Member ;2;"Adjacent to moderately used dirt track along the edge of eaton park, 7 m from south park avenue  Vary Lagre spreading crown weeping form ""Tristis"" ";18,24;HR ; ; ; ; ; ; ; ; ; ;26
1;16;Eaton Park Norwich ;0;Silver Birch ;3;SM ;2;12,5;230;0,23; ;1,4;11,1;0;0;2,7;2,6;3,1;2,9;11,3;2,83;0,12;2,94;5,88;TG 20565 07258 ;Leet Hill Sand And Gravel Member ;2;Adjacent to moderately used dirt track along the edge of eaton park, 7 m from south park avenue Though to be tristis ;25,57;HR ; ; ; ; ; ; ; ; ; ;23,44
1;17;Southpark Avenue, Norwich ;0,3;Silver Birch ;3;SM ;2;11,3;190;0,19;24;3;8,3;5;1;1,7;2;2,1;2,3;8,1;2,03;0,1;2,12;4,24;TG 20507 07237 ;Leet Hill Sand And Gravel Member - Sand And Gravel  ;2;Adjacent to path and road ;22,32; ; ; ; ;5,89;-1,65; ;31,41;5,97;-1,73;0,01
1;18;Southpark Avenue, Norwich ;0,2;Silver Birch ;3;SM ;2;11,9;210;0,21;27;3,5;8,4;5;1;3,2;3;2,2;2,2;10,6;2,65;0,11;2,76;5,51;TG 20467 07238 ;Leet Hill Sand And Gravel Member - Sand And Gravel  ;2;Adjacent to path and road ;26,24; ; ; ; ;6,33;-0,82; ;30,8;6,47;-0,96;0,01
1;19;Southpark Avenue, Norwich ;0;Silver Birch ;3;Y ;1;0;75;0,075;10;1,5;-1,5;5;1;0,9;1,1;1,6;1,2;4,8;1,2;0,04;1,24;2,48;TG 20464 07239 ;Leet Hill Sand And Gravel Member - Sand And Gravel  ;2;Adjacent to path and road ;33; ; ; ; ;3,19;-0,71; ;35,18;2,64;-0,16;0,01
1;20;Southpark Avenue, Norwich ;0,4;Silver Birch ;3;SM ;2;12,8;200;0,2;26;3,8;9;5;1;2,7;2,6;2,8;2,4;10,5;2,63;0,1;2,73;5,45;TG 20501 07253 ;Leet Hill Sand And Gravel Member - Sand And Gravel  ;2;Adjacent to path and road ;27,25; ; ; ; ;6,11;-0,66; ;31,1;6,22;-0,77;0,01
1;21;Southpark Avenue, Norwich ;0,3;Silver Birch ;3;Y ;1;6,5;95;0,095;12;1,5;5;5;1;1,8;2;2;1,7;7,5;1,88;0,05;1,92;3,85;TG 20424 07239 ;Leet Hill Sand And Gravel Member - Sand And Gravel  ;2;Adjacent to path and road ;40,47; ; ; ; ;3,67;0,17; ;34,49;3,28;0,57;0,01
1;22;Hall Road, Norwich ;0,25;Norway maple ;4;SM ;2;7,7;190;0,19; ;2,2;5,5;0;0;2,1;2,2;2,3;2,6;9,2;2,3;0,1;2,4;4,79;TG 22699 06128 ;Alluvium Clay silit sand and gravel ;3;Adjacent to path and road Upright form ;25,21;HR ; ; ; ; ; ; ; ; ; ;21,08
1;23;Hall Road, Norwich ;0,25;Norway maple ;4;SM ;2;8,9;210;0,21;22;2;6,9;0;0;2,5;2,7;2,4;2,9;10,5;2,63;0,11;2,73;5,46;TG 22702 06137 ;Alluvium Clay silit sand and gravel ;3;Upright Form ;26; ; ; ; ;6,33;-0,87; ;30,8;6,47;-1,01;0,01
1;24;Hall Road, Norwich ;0,5;Silver Birch ;3;M ;4;15,7;410;0,41;53;3,5;12,2;10;1;4,8;5,2;4,3;4,1;18,4;4,6;0,21;4,81;9,61;TG 22639 06000 ;Alluvium Clay silit sand and gravel ;3;Adjacent to path and road on a busy corner ;23,44; ; ; ; ;10,38;-0,77; ;25,52;10,46;-0,85;0,01
1;25;Hall Road, Norwich ;0,6;Silver Birch ;3;EM ;3;13,3;250;0,25;32;2,5;10,8;10;1;3,6;3,4;2;2;11;2,75;0,13;2,88;5,75;TG 22638 05996 ;Alluvium Clay silit sand and gravel ;3;Adjacent to path and road on a busy corner ;23; ; ; ; ;7,2;-1,45; ;29,63;7,41;-1,66;0,01
1;26;Hall Road, Norwich ;0;Silver Birch ;3;Y ;1;6,9;75;0,075;10;1,6;5,3;5;2;1,2;1,6;1,2;1;5;1,25;0,04;1,29;2,58;TG 22635 05990 ;Alluvium Clay silit sand and gravel ;3;Adjacent to path and road ;34,33; ; ; ; ;3,19;-0,61; ;35,18;2,64;-0,06;0,01
1;27;Hall Road, Norwich ;0;Silver Birch ;3;Y ;1;8,5;110;0,11;14;1,2;7,3;5;2;2,2;2,1;1,8;1,9;8;2;0,06;2,06;4,11;TG 22634 05987 ;Alluvium Clay silit sand and gravel ;3;Adjacent to path and road ;37,36; ; ; ; ;4,03;0,08; ;33,98;3,74;0,37;0,01
1;28;Barford Recreation Ground ;0,15;Silver Birch ;3;M ;4;16,1;360;0,36;46;1,2;14,9;10;2;4;4;4,7;4;16,7;4,18;0,18;4,36;8,71;TG 11246 07727 ;Lowerstoft formation Chalky till sand gravel and clay ;3;Corner of dirt track and road ;24,19; ; ; ; ;9,43;-0,72; ;26,7;9,61;-0,9;0,01
1;29;Barford Recreation Ground ;0,35;Norway maple ;4;EM ;3;15,4;580;0,58;61;5,4;10;5;2;5,7;5,1;7,5;6;24,3;6,08;0,29;6,37;12,73;TG 22634 05987 ;Lowerstoft formation Chalky till sand gravel and clay ;3;Adjacent to shed and playground   Planted 1980 36 years old 16mm annual ;21,95; ; ; ; ;13,23;-0,5; ;22,18;12,86;-0,13;0,01
1;30;Barford Recreation Ground ;0,6;Silver Birch ;3;M ;4;17,8;600;0,6;77;2;15,8;10;2;5,9;6,6;6,4;5,2;24,1;6,03;0,3;6,33;12,65;TG 11292 07719 ;Lowerstoft formation Chalky till sand gravel and clay ;3;Adjacent to car park entrance ;21,08; ; ; ; ;13,54;-0,89; ;21,85;13,11;-0,46;0,01
1;31;Barford Recreation Ground ;0,8;Silver Birch ;3;M ;4;17,8;520;0,52;67;1,5;16,3;10;2;4,7;4,9;4,9;4,3;18,8;4,7;0,26;4,96;9,92;TG 11292 07719 ;Lowerstoft formation Chalky till sand gravel and clay ;3;Adjacent to car park entrance ;19,08; ; ; ; ;12,29;-2,37; ;23,24;12,08;-2,16;0,01
1;32;Clarks close Barford ;0,15;Norway maple ;4;M ;4;13,8;650;0,65;68;2,5;11,3;10;2;5,4;5,9;5,8;6,4;23,5;5,88;0,33;6,2;12,4;TG 11536 07776 ;Lowerstoft formation Chalky till sand gravel and clay ;3;Previously pollarded ;19,08; ; ; ; ;14,26;-1,86; ;21,1;13,72;-1,32;0,01
1;33;Hall Road, Norwich ;0,25;Norway maple ;4;EM ;3;11,1;400;0,4;42;3,1;8;10;2;5,7;5,8;6,3;5,9;23,7;5,93;0,2;6,13;12,25;TG2231605437 ;Alluvium Clay silit sand and gravel ;3;adjacent to road and path ;30,63; ; ; ; ;10,19;2,06; ;25,75;10,3;1,95;0,01
1;34;Hall Road, Norwich ;0,05;Silver Birch ;3;Y ;1;8,3;100;0,1;13;2;6,3;0;0;1,7;1,5;2;1,9;7,1;1,78;0,05;1,83;3,65;TG2231105430 ;Alluvium Clay silit sand and gravel ;3;adjacent to road and path ;36,5; ; ; ; ;3,79;-0,14; ;34,32;3,43;0,22;0,01
1;35;Hall Road, Norwich ;0,15;Norway maple ;4;EM ;3;10,2;330;0,33;35;2,5;7,7;10;2;3,8;3,9;4,2;3,9;15,8;3,95;0,17;4,12;8,23;TG2203405421 ;Alluvium Clay silit sand and gravel ;3;adjacent to road and path ;24,94; ; ; ; ;8,85;-0,62; ;27,46;9,06;-0,83;0,01
1;36;Hall Road, Norwich ;0,02;Silver Birch ;3;Y ;1;6,9;100;0,1;13;1,9;5;5;1;1,8;2;2,1;2;7,9;1,98;0,05;2,03;4,05;TG2230005419 ;Alluvium Clay silit sand and gravel ;3;adjacent to road and path ;40,5; ; ; ; ;3,79;0,26; ;34,32;3,43;0,62;0,01
1;37;Hall Road, Norwich ;0,1;Norway maple ;4;SM ;2;7,8;260;0,26;27;3,5;4,3;5;1;3,6;3,5;3,7;3,6;14,4;3,6;0,13;3,73;7,46;TG2229105427 ;Alluvium Clay silit sand and gravel ;3;adjacent to road and path ;28,69; ; ; ; ;7,41;0,05; ;29,34;7,63;-0,17;0,01
1;38;Hall Road, Norwich ;0,3;Norway maple ;4;EM ;3;13;390;0,39; ;3,5;9,5;5;1;5,9;6;4,9;5,3;22,1;5,53;0,2;5,72;11,44;TG2227505384 ;Alluvium Clay silit sand and gravel ;3;adjacent to road and path Heavy pruned roadside comp on opp side ;29,33;HR ; ; ; ; ; ; ; ; ; ;18,63
1;39;Hall Road, Norwich ;0,3;Norway maple ;4;SM ;2;11,1;280;0,28;29;2,8;8,3;5;1;4,8;3,8;3,9;4,5;17;4,25;0,14;4,39;8,78;TG2225905372 ;Alluvium Clay silit sand and gravel ;3;adjacent to road and path ;31,36; ; ; ; ;7,83;0,95; ;28,79;8,06;0,72;0,01
1;40;Hall Road, Norwich ;0,55;Norway maple ;4;EM ;3;13;450;0,45;47;2,6;10,4;5;1;5,2;6,8;6,4;4,9;23,3;5,83;0,23;6,05;12,1;TG2232605445 ;Alluvium Clay silit sand and gravel ;3;adjacent to road and path ;26,89; ; ; ; ;11,1;1; ;24,64;11,09;1,01;0,01
1;41;Hall Road, Norwich ;0,1;Norway maple ;4;SM ;2;11,1;220;0,22;23;2,8;8,3;5;1;4,1;4,2;4,5;3,9;16,7;4,18;0,11;4,29;8,57;TG2251207316 ;Alluvium Clay silit sand and gravel ;3;adjacent to road and path ;38,95; ; ; ; ;6,55;2,02; ;30,5;6,71;1,86;0,01
1;42;The Avenues Norwich ;0,2;Norway maple ;4;EM ;3;15,2;480;0,48;50;4,1;11,1;5;1;5,5;4,2;4,9;5,3;19,9;4,98;0,24;5,22;10,43;TG2112208174 ;Sheringham Cliffs formation sand and gravel ;1;adjacent to road and path ;21,73; ; ; ; ;11,62;-1,19; ;24,02;11,53;-1,1;0,01
1;43;The Avenues Norwich ;0,6;Norway maple ;4;EM ;3;14;560;0,56;59;3,1;10,9;5;1;6,7;4,8;7,4;5,9;24,8;6,2;0,28;6,48;12,96;TG2110508155 ;Sheringham Cliffs formation sand and gravel ;1;adjacent to road and path ;23,14; ; ; ; ;12,93;0,03; ;22,52;12,61;0,35;0,01
1;44;The Avenues Norwich ;0,5;Norway maple ;4;EM ;3;15,7;590;0,59;62;5;10,7;10;2;7,1;6,1;5,7;4,8;23,7;5,93;0,3;6,22;12,44;TG2109708153 ;Sheringham Cliffs formation sand and gravel ;1;adjacent to road and path ;21,08; ; ; ; ;13,39;-0,95; ;22,01;12,99;-0,55;0,01
1;45;The Avenues Norwich ;0,4;Norway maple ;4;EM ;3;13,9;510;0,51;53;4,2;9,7;10;2;6,8;6,6;5,6;5,2;24,2;6,05;0,26;6,31;12,61;TG2106608141 ;Sheringham Cliffs formation sand and gravel ;1;adjacent to road and path ;24,73; ; ; ; ;12,12;0,49; ;23,43;11,95;0,66;0,01
1;46;The Avenues Norwich ;0,5;Norway maple ;4;EM ;3;16,2;660;0,66;69;4,8;11,4;10;2;5,5;7;5,9;4,9;23,3;5,83;0,33;6,16;12,31;TG2104408126 ;Sheringham Cliffs formation sand and gravel ;1;adjacent to road and path ;18,65; ; ; ; ;14,4;-2,09; ;20,97;13,84;-1,53;0,01
1;37;Dereham Road Norwich ;0,3;Norway maple ;4;M ;4;13,7;590;0,59;62;3,8;9,9;5;1;4,5;5,6;5,6;5,1;20,8;5,2;0,3;5,5;10,99;TG2025109399 ;Lowerstoft formation Chalky till sand gravel and clay ;3;Purple ;18,63; ; ; ; ;13,39;-2,4; ;22,01;12,99;-2;0,01
1;38;Dereham Road Norwich ;0,3;Norway maple ;4;M ;4;13,9;490;0,49;51;4;9,9;5;1;6,8;7,3;7,4;7,9;29,4;7,35;0,25;7,6;15,19;TG2027109400 ;Lowerstoft formation Chalky till sand gravel and clay ;3; ;31; ; ; ; ;11,79;3,4; ;23,82;11,67;3,52;0,01
1;39;Dereham Road Norwich ;0,4;Norway maple ;4;M ;4;13,6;610;0,61;64;4,8;8,8;5;1;4,5;4,5;6,2;5,9;21,1;5,28;0,31;5,58;11,16;TG2029109397 ;Lowerstoft formation Chalky till sand gravel and clay ;3;Purple ;18,3; ; ; ; ;13,68;-2,52; ;21,7;13,23;-2,07;0,01
1;40;Dereham Road Norwich ;0,25;Norway maple ;4;M ;4;14;460;0,46;48;3,8;10,2;5;1;5,3;6,9;5,5;5,6;23,3;5,83;0,23;6,06;12,11;TG2030909397 ;Lowerstoft formation Chalky till sand gravel and clay ;3; ;26,33; ; ; ; ;11,27;0,84; ;24,43;11,24;0,87;0,01
1;41;Dereham Road Norwich ;0,25;Norway maple ;4;M ;4;13,7;540;0,54;56;3,2;10,5;5;1;5,6;5,9;7,9;6,9;26,3;6,58;0,27;6,85;13,69;TG2032609397 ;Lowerstoft formation Chalky till sand gravel and clay ;3;Purple ;25,35; ; ; ; ;12,61;1,08; ;22,87;12,35;1,34;0,01
1;42;Dereham Road Norwich ;0,15;Norway maple ;4;M ;4;14,3;430;0,43;45;4,8;9,5;5;1;6,4;5,7;6,5;5,1;23,7;5,93;0,22;6,14;12,28;TG2035009397 ;Lowerstoft formation Chalky till sand gravel and clay ;3; ;28,56; ; ; ; ;10,74;1,54; ;25,07;10,78;1,5;0,01
1;43;Dereham Road Norwich ;0,2;Norway maple ;4;M ;4;14,5;570;0,57;60;3;11,5;5;1;5,7;5,7;6,6;6,6;24,6;6,15;0,29;6,44;12,87;TG2035009397 ;Lowerstoft formation Chalky till sand gravel and clay ;3; ;22,58; ; ; ; ;13,08;-0,21; ;22,34;12,74;0,13;0,01
1;44;Dereham Road Norwich ;0,4;Norway maple ;4;M ;4;17,5;580;0,58;61;4,6;12,9;5;1;7;7,4;7,8;7;29,2;7,3;0,29;7,59;15,18;TG2042109389 ;Lowerstoft formation Chalky till sand gravel and clay ;3; ;26,17; ; ; ; ;13,23;1,95; ;22,18;12,86;2,32;0,01
1;45;Freeman Square ;0,4;Silver Birch ;3;EM ;3;11,5;320;0,32;41;1,5;10;5;1;4,4;4,5;5;5,3;19,2;4,8;0,16;4,96;9,92;TG22034 09555 ;River terrace Sand and Gravel ;1; ;31; ; ; ; ;8,65;1,27; ;27,72;8,87;1,05;0,01
1;46;Freeman Square ;0,35;Silver Birch ;3;SM ;2;10,8;280;0,28; ;3,2;7,6;10;2;2,6;3,2;2,3;2,8;10,9;2,73;0,14;2,87;5,73;TG22003 09568 ;River terrace Sand and Gravel ;1;"Thought to be ""Tristis' ";20,46;HR ; ; ; ; ; ; ; ; ; ;22,45
1;47;Feeman Square/ Higham Street ;0,4;Norway maple ;4;M ;4;16,2;610;0,61;64;5;11,2;5;1;7,8;8,1;6,2;7,7;29,8;7,45;0,305;7,76;15,51;TG22020 09589 ;River terrace Sand and Gravel ;1; ;25,43; ; ; ; ;13,68;1,83; ;21,7;13,23;2,28;0,01
1;48;Barker Street ;0,05;Silver Birch ;3;EM ;3;11,7;310;0,31;40;1;10,7;0;0;4;3,4;3,4;4,2;15;3,75;0,155;3,91;7,81;TG 22059 09550 ;River Terrace Deposits, 1 - Sand And Gravel  ;1; ;25,19; ; ; ; ;8,45;-0,64; ;27,98;8,67;-0,86;0,01
1;49;Barker Street ;0;Silver Birch ;3;EM ;3;12,9;260;0,26;33;1,5;11,4;0;0;3,7;4,1;4,1;4,5;16,4;4,1;0,13;4,23;8,46;TG 22069 09536 ;River Terrace Deposits, 1 - Sand And Gravel  ;1; ;32,54; ; ; ; ;7,41;1,05; ;29,34;7,63;0,83;0,01
1;50;Barker Street ;0,4;Norway maple ;4;M ;4;15,1;550;0,55;58;7,5;7,6;10;2;5,2;5,4;5,4;5,2;21,2;5,3;0,275;5,58;11,15;TG 22080 09532 ;River Terrace Deposits, 1 - Sand And Gravel  ;1; ;20,27; ; ; ; ;12,77;-1,62; ;22,69;12,48;-1,33;0,01
1;51;Bowers Ave  ;0,6;Norway maple ;4;M ;4;16,8;620;0,62;65;7,5;9,3;10;1;6,2;4,3;6,5;5,8;22,8;5,7;0,31;6,01;12,02;TG21285 10707 ;River Terrace Deposits, 1 - Sand And Gravel  ;1; ;19,39; ; ; ; ;13,83;-1,81; ;21,54;13,36;-1,34;0,01
1;52;Bowers Ave  ;0,15;Norway maple ;4;M ;4;11,3;530;0,53;55;4;7,3;5;2;5,2;5,9;6,2;5,8;23,1;5,78;0,265;6,04;12,08;TG21275 10800 ;Sheringham Cliffs Formation - Sand And Gravel  ;1; ;22,79; ; ; ; ;12,45;-0,37; ;23,05;12,22;-0,14;0,01
1;54;Bowers Ave  ;0,15;Norway maple ;4;M ;4;10,3;500;0,5;52;2,8;7,5;10;2;7,1;7,4;5,8;6,2;26,5;6,63;0,25;6,88;13,75;TG21290 10841 ;Sheringham Cliffs Formation - Sand And Gravel  ;1; ;27,5; ; ; ; ;11,96;1,79; ;23,62;11,81;1,94;0,01
1;55;Bowers Ave  ;0,15;Silver Birch ;3;M ;4;16,1;450;0,45;58;1,8;14,3;5;2;4,4;4,1;5,8;5,3;19,6;4,9;0,225;5,13;10,25;TG 21294 10935 ;Sheringham Cliffs Formation - Sand And Gravel  ;1; ;22,78; ; ; ; ;11,1;-0,85; ;24,64;11,09;-0,84;0,01
1;56;Bowers Ave  ;0,3;Silver Birch ;3;M ;4;18,7;590;0,59; ;2,4;16,3;10;2;6,4;7,5;6,8;8,1;28,8;7,2;0,295;7,5;14,99;TG21271 10983 ;Sheringham Cliffs Formation - Sand And Gravel  ;1; ;25,41;HR ; ; ; ; ; ; ; ; ; ;24,09
1;57;Bowers Ave  ;0,05;Silver Birch ;3;M ;4;14,1;450;0,45;58;1;13,1;10;2;3,4;5;5,9;5,1;19,4;4,85;0,225;5,08;10,15;TG21269 10990 ;Sheringham Cliffs Formation - Sand And Gravel  ;1; ;22,56; ; ; ; ;11,1;-0,95; ;24,64;11,09;-0,94;0,01
1;58;Bowers Ave  ;0,05;Silver Birch ;3;M ;4;16,6;550;0,55;71;2,5;14,1;10;2;6,1;6;6;5,5;23,6;5,9;0,275;6,18;12,35;TG21257 11039 ;Sheringham Cliffs Formation - Sand And Gravel  ;1; ;22,45; ; ; ; ;12,77;-0,42; ;22,69;12,48;-0,13;0,01
1;59;Bowers Ave  ;0,05;Silver Birch ;3;M ;4;16,6;560;0,56; ;1,8;14,8;5;2;7,5;7,5;8,2;6,5;29,7;7,43;0,28;7,71;15,41;TG21266 11063 ;Sheringham Cliffs Formation - Sand And Gravel  ;1; ;27,52;HR ; ; ; ; ; ; ; ; ; ;26,91
1;60;Bowers Ave  ;0,98;Norway maple ;4;M ;4;11,7;470;0,47;49;4;7,7;5;2;4,9;6,3;6,5;6;23,7;5,93;0,235;6,16;12,32;TG21243 11090 ;Sheringham Cliffs Formation - Sand And Gravel  ;1; ;26,21; ; ; ; ;11,45;0,87; ;24,22;11,38;0,94;0,01
1;61;Bowers Ave  ;0,02;Norway maple ;4;EM ;3;8,7;380;0,38;40;1,8;6,9;10;2;4,9;4,6;4,7;4,5;18,7;4,68;0,19;4,87;9,73;TG21230 11037 ;Sheringham Cliffs Formation - Sand And Gravel  ;1; ;25,61; ; ; ; ;9,82;-0,09; ;26,22;9,96;-0,23;0,01
1;62;Royal Norfolk Showgound ;0;Norway maple ;4;EM ;3;16,3;650;0,65;68;3,2;13,1;10;1;6,2;6,4;4,8;6,2;23,6;5,9;0,325;6,225;12,45;TG1494210255 ;Sheringham Cliffs Formation - Sand And Gravel  ;1; ;19,15; ; ; ; ;14,26;-1,81; ;21,1;13,72;-1,27;0,01
1;63;Royal Norfolk Showgound ;0;Norway maple ;4;EM ;3;13,1;370;0,37;39;2,8;10,3;10;1;5,6;5;4,9;5,1;20,6;5,15;0,185;5,335;10,67;TG1497510260 ;Sheringham Cliffs Formation - Sand And Gravel  ;1; ;28,84; ; ; ; ;9,63;1,04; ;26,46;9,79;0,88;0,01
1;64;Royal Norfolk Showgound ;0;Norway maple ;4;EM ;3;15,2;540;0,54;56;2,6;12,6;10;1;5,9;6,6;7,4;7,2;27,1;6,775;0,27;7,045;14,09;TG1502610258 ;Sheringham Cliffs Formation - Sand And Gravel  ;1; ;26,09; ; ; ; ;12,61;1,48; ;22,87;12,35;1,74;0,01
1;65;Royal Norfolk Showgound ;0;Norway maple ;4;EM ;3;14,8;500;0,5;52;2,4;12,4;10;3;6,7;7,8;8,7;7,3;30,5;7,625;0,25;7,875;15,75;TG1505410254 ;Sheringham Cliffs Formation - Sand And Gravel  ;1; ;31,5; ; ; ; ;11,96;3,79; ;23,62;11,81;3,94;0,01
1;66;Royal Norfolk Showgound ;0,45;Norway maple ;4;EM ;3;13,8;490;0,49;51;3,1;10,7;10;1;6,5;6,6;7,4;7;27,5;6,875;0,245;7,12;14,24;TG1508810236 ;Sheringham Cliffs Formation - Sand And Gravel  ;1; ;29,06; ; ; ; ;11,79;2,45; ;23,82;11,67;2,57;0,01
1;67;Royal Norfolk Showgound ;0,35;Norway maple ;4;M ;4;13,8;600;0,6;63;5;8,8;10;1;5,9;6,2;5,7;5,1;22,9;5,725;0,3;6,025;12,05;TG1510110261 ;Sheringham Cliffs Formation - Sand And Gravel  ;1; ;20,08; ; ; ; ;13,54;-1,49; ;21,85;13,11;-1,06;0,01
1;68;Royal Norfolk Showgound ;0,25;Norway maple ;4;EM ;3;13,7;470;0,47;49;4,8;8,9;10;1;5,3;5,6;5,8;5;21,7;5,425;0,235;5,66;11,32;TG2511910256 ;Sheringham Cliffs Formation - Sand And Gravel  ;1; ;24,09; ; ; ; ;11,45;-0,13; ;24,22;11,38;-0,06;0,01
1;69;Royal Norfolk Showgound ;0,35;Norway maple ;4;EM ;3;14,4;510;0,51;53;4,8;9,6;10;1;4,7;6,8;6,5;6;24;6;0,255;6,255;12,51;TG1510210261 ;Sheringham Cliffs Formation - Sand And Gravel  ;1; ;24,53; ; ; ; ;12,12;0,39; ;23,43;11,95;0,56;0,01
1;70;Royal Norfolk Showgound ;0,35;Norway maple ;4;EM ;3;14,3;490;0,49;51;4,2;10,1;10;0;6;5,7;5,4;5,8;22,9;5,725;0,245;5,97;11,94;TG2511910256 ;Sheringham Cliffs Formation - Sand And Gravel  ;1; ;24,37; ; ; ; ;11,79;0,15; ;23,82;11,67;0,27;0,01
1;71;Royal Norfolk Showgound ;0,55;Norway maple ;4;EM ;3;16,1;550;0,55;58;4,5;11,6;10;0;6,8;7,2;8,3;6,2;28,5;7,125;0,275;7,4;14,8;TG 15102 10253 ;Sheringham Cliffs Formation - Sand And Gravel  ;1; ;26,91; ; ; ; ;12,77;2,03; ;22,69;12,48;2,32;0,01
1;72;Royal Norfolk Showgound ;0,08;Norway maple ;4;M ;4;15,6;640;0,64;67;5;10,6;10;0;7,8;7,2;8;5,7;28,7;7,175;0,32;7,495;14,99;TG 15120 10252 ;Sheringham Cliffs Formation - Sand And Gravel  ;1; ;23,42; ; ; ; ;14,12;0,87; ;21,25;13,6;1,39;0,01
1;73;Royal Norfolk Showgound ;0,12;Norway maple ;4;EM ;3;14,4;550;0,55;58;4,2;10,2;10;0;7,7;8,3;6,6;5,8;28,4;7,1;0,275;7,375;14,75;TG 15135 10251 ;Sheringham Cliffs Formation - Sand And Gravel  ;1; ;26,82; ; ; ; ;12,77;1,98; ;22,69;12,48;2,27;0,01
1;74;Royal Norfolk Showgound ;0;Norway maple ;4;EM ;3;12,6;430;0,43;45;3;9,6;10;1;4,6;6,3;6,3;7;24,2;6,05;0,215;6,265;12,53;TG 15151 10252 ;Sheringham Cliffs Formation - Sand And Gravel  ;1; ;29,14; ; ; ; ;10,74;1,79; ;25,07;10,78;1,75;0,01
1;75;Royal Norfolk Showgound ;0;Silver Birch ;3;EM ;3;16,9;430;0,43;55;2,5;14,4;5;0;4,2;5,6;5;4,8;19,6;4,9;0,215;5,115;10,23;TG 15151 10254 ;Sheringham Cliffs Formation - Sand And Gravel  ;1; ;23,79; ; ; ; ;10,74;-0,51; ;25,07;10,78;-0,55;0,01
1;76;Royal Norfolk Showgound ;0;Silver Birch ;3;EM ;3;12,6;370;0,37;47;2,2;10,4;10;0;3,5;4,7;4,9;4,2;17,3;4,325;0,185;4,51;9,02;TG 15151 10256 ;Sheringham Cliffs Formation - Sand And Gravel  ;1;` ;24,38; ; ; ; ;9,63;-0,61; ;26,46;9,79;-0,77;0,01
1;77;Royal Norfolk Showgound ;0;Silver Birch ;3;EM ;3;11,9;280;0,28;36;1,5;10,4;10;0;3,1;3,8;3,3;3,1;13,3;3,325;0,14;3,465;6,93;TG 15151 10257 ;Sheringham Cliffs Formation - Sand And Gravel  ;1; ;24,75; ; ; ; ;7,83;-0,9; ;28,79;8,06;-1,13;0,01
1;78;Trowse Roundabout ;0;Oak ;1;Y ;1;5,5;92;0,092; ;1,9;3,6;5;2;2,4;2,6;2,6;1,7;9,3;2,325;0,046;2,371;4,742;TG24157 07046 ;River Terrace Deposits, 1 - Sand And Gravel  ;1; ;51,54;HR ; ; ; ;3,6;1,14; ;34,59;3,18;1,56;0,01
1;79;Trowse Roundabout ;0;Oak ;1;Y ;1;5,6;98;0,098;9;1,8;3,8;0;0;1,8;1,7;1,7;1,8;7;1,75;0,049;1,799;3,598;TG24177 07107 ;River Terrace Deposits, 1 - Sand And Gravel  ;1; ;36,71; ; ; ; ;3,75;-0,15; ;34,39;3,37;0,23;0,01
1;80;Trowse Roundabout ;18;Oak ;1;SM ;2;11,5;288;0,288;26;2;9,5;10;3;5,4;4,3;4,4;5,8;19,9;4,975;0,144;5,119;10,238;TG24169 07083 ;River Terrace Deposits, 1 - Sand And Gravel  ;1; ;35,55; ; ; ; ;8;2,24; ;28,57;8,23;2,01;0,01
1;81;Wilberforce Road ;40;Silver Birch ;3;SM ;2;7,1;159;0,159;20;2,5;4,6;5;1;2,2;1,8;2;2,2;8,2;2,05;0,0795;2,1295;4,259;TG 19026 08708 ;Leet Hill Sand And Gravel Member - ;1; ;26,79; ; ; ; ;5,18;-0,92; ;32,38;5,15;-0,89;0,01
1;82;Redfern Rd ;1;Norway maple ;4;EM ;3;12,7;425;0,425;44;2,5;10,2;10;1;7,3;6,8;6,8;6,1;27;6,75;0,2125;6,9625;13,925;TG15169 10251 ;River Terrace Deposits, 1 - Sand And Gravel  ;1; ;32,76; ; ; ; ;10,65;3,28; ;25,18;10,7;3,22;0,01
1;83;Earlham Green Lane ;30;Silver Birch ;3;EM ;3;15,1;234;0,234;30;3,5;11,6;5;1;3,9;4,1;2,6;2,7;13,3;3,325;0,117;3,442;6,884;TG1932709137 ;Leet Hill Sand And Gravel Member - ;1; ;29,42; ; ; ; ;6,86;0,03; ;30,09;7,04;-0,16;0,01
1;84;Earlham Green Lane ;40;Silver Birch ;3;EM ;3;17,7;274;0,274;35;3,4;14,3;10;1;3,5;3,9;2,7;2,2;12,3;3,075;0,137;3,212;6,424;TG1932709113 ;Leet Hill Sand And Gravel Member - ;1; ;23,45; ; ; ; ;7,71;-1,28; ;28,95;7,93;-1,51;0,01
1;85;Earlham Green Lane ;5;Silver Birch ;3;Y ;1;9,1;85;0,085;11;2,1;7;0;0;1,8;1,7;1,7;1,3;6,5;1,625;0,0425;1,6675;3,335;TG1942309087 ;Leet Hill Sand And Gravel Member - ;1; ;39,24; ; ; ; ;3,43;-0,1; ;34,83;2,96;0,37;0,01
1;86;Earlham Green Lane ;40;Silver Birch ;3;SM ;2;15,6;295;0,295;38;3,5;12,1;10;1;3,6;5;4,2;2,4;15,2;3,8;0,1475;3,9475;7,895;TG1947309069 ;Leet Hill Sand And Gravel Member - ;1; ;26,76; ; ; ; ;8,14;-0,25; ;28,38;8,37;-0,48;0,01
1;87;Earlham Green Lane ;45;Silver Birch ;3;M ;4;16,2;400;0,4;51;2;14,2;10;1;4,9;4;4,3;3,4;16,6;4,15;0,2;4,35;8,7;TG1945809067 ;Leet Hill Sand And Gravel Member - ;1; ;21,75; ; ; ; ;10,19;-1,49; ;25,75;10,3;-1,6;0,01
1;88;Earlham Green Lane ;55;Silver Birch ;3;M ;4;19,1;439;0,439;56;3;16,1;10;1;5,3;4,6;5,6;4,1;19,6;4,9;0,2195;5,1195;10,239;TG1946909057 ;Leet Hill Sand And Gravel Member - ;1; ;23,32; ; ; ; ;10,9;-0,66; ;24,88;10,92;-0,68;0,01
1;89;Earlham Green Lane ;40;Silver Birch ;3;EM ;3;14,3;285;0,285;37;3,2;11,1;10;1;3,2;3,8;3,3;3,1;13,4;3,35;0,1425;3,4925;6,985;TG1950809025 ;Leet Hill Sand And Gravel Member - ;1; ;24,51; ; ; ; ;7,94;-0,95; ;28,65;8,16;-1,18;0,01
1;90;Earlham Green Lane ;40;Silver Birch ;3;EM ;3;13,6;277;0,277;36;3,5;10,1;10;1;3,5;3;3;2,8;12,3;3,075;0,1385;3,2135;6,427;TG1962908954 ;Leet Hill Sand And Gravel Member - ;1; ;23,2; ; ; ; ;7,77;-1,34; ;28,87;8;-1,57;0,01
1;91;Wilberforce Road ;45;Silver Birch ;3;EM ;3;11,9;265;0,265;34;2;9,9;5;1;3,9;2,8;3,3;3,6;13,6;3,4;0,1325;3,5325;7,065;TG1880408805 ;silty clay, but can contain layers of silt, sand, peat and basal gravel  ;3; ;26,66; ; ; ; ;7,52;-0,45; ;29,2;7,74;-0,67;0,01
1;92;Wilberforce Road ;0;Silver Birch ;3;EM ;3;11;316;0,316;41;1,3;9,7;0;0;3,4;3,6;4,3;4,7;16;4;0,158;4,158;8,316;TG 19176 08499 ;silty clay, but can contain layers of silt, sand, peat and basal gravel  ;3; ;26,32; ; ; ; ;8,57;-0,25; ;27,82;8,79;-0,48;0,01
1;93;Pinebanks House ;60;Silver Birch ;3;EM ;3;13,7;280;0,28;36;1,4;12,3;10;1;3,6;2,8;2,4;2,6;11,4;2,85;0,14;2,99;5,98;TG25592 08744 ;Crag Group Sand and Gravel ;1;At 1 5m 270 10mm increase 4mm ;21,36; ; ; ; ;7,83;-1,85; ;28,79;8,06;-2,08;0,01
1;94;Pinebanks House ;20;Silver Birch ;3;EM ;3;13,5;300;0,3;38;3;10,5;10;1;2,3;2,9;3,8;2,8;11,8;2,95;0,15;3,1;6,2;TG25593 08765 ;Crag Group Sand and Gravel ;1;At 1 5m 275 25mm increase 8mm ;20,67; ; ; ; ;8,24;-2,04; ;28,24;8,47;-2,27;0,01
1;95;Pinebanks House ;35;Silver Birch ;3;EM ;3;13,6;370;0,37;47;2,5;11,1;10;1;2,8;3,9;3,8;3,8;14,3;3,575;0,185;3,76;7,52;TG25593 08771 ;Crag Group Sand and Gravel ;1;At 1 5m 348 18mm increase 6mm ;20,32; ; ; ; ;9,63;-2,11; ;26,46;9,79;-2,27;0,01
 ; ; ; ; ; ; ; ; ; ; ; ; ; ; ; ; ; ; ; ; ; ; ; ; ; ; ; ; 6mm average ; ; ; ; ; ; ; ; ; ; ; ;
